half_life_days,season_penalty,prior_sd,prior_scale,n_matches,rps,log_loss,brier,rps_baseline,rps_2018_19,rps_2019_20,rps_2020_21,rps_2021_22,rps_2022_23,rps_2023_24
60.0,0.6,0.15,3.0,1836,0.214543115671254,1.0248795359496519,0.6148144117465383,0.23120659022052878,0.21353215835022318,0.22177109569018932,0.21380912135833718,0.214963128305304,0.21639574905133754,0.20678744127213272
60.0,0.6,0.15,2.0,1836,0.21480969884297926,1.0258006407547855,0.6153707438615863,0.23120659022052878,0.21391810637347247,0.22232620273189,0.21364460581643066,0.21534476081942464,0.2165145470123578,0.20710997030430006
60.0,0.6,0.15,1.0,1836,0.21519772303413592,1.027033413035614,0.6161798021394667,0.23120659022052878,0.21448906817736202,0.22308671995083412,0.21354436436033145,0.2158923082368769,0.21665426630273543,0.2075196111766757
60.0,0.6,0.15,0.0,1836,0.21575268774975778,1.028654407365224,0.6173125339976296,0.23120659022052878,0.21527850470598756,0.22411610294480103,0.21357363991441614,0.21667817263727107,0.2168128134226118,0.20805689287345905
60.0,0.6,0.25,0.0,1836,0.20970018497363016,1.010948921097352,0.6050680996072567,0.23120659022052878,0.20781096318142725,0.21704565998246633,0.2083258485327881,0.21270443457265018,0.21496760195108777,0.19734660162136144
60.0,0.6,0.25,1.0,1836,0.20922877559823408,1.0095449528184577,0.6040968657510716,0.23120659022052878,0.20705167500969657,0.2161886379535346,0.20833037750849365,0.2120296142111181,0.21486419214661326,0.19690815675994833
60.0,0.6,0.25,2.0,1836,0.20892198234500536,1.0085302153998654,0.6034476201559847,0.23120659022052878,0.20653173937485284,0.2155823798665362,0.20846174096214948,0.2115881595945573,0.2147759142811998,0.19659195999073653
60.0,0.6,0.25,3.0,1836,0.20872930935291983,1.007813919555175,0.6030376069905506,0.23120659022052878,0.20619521027391935,0.21516429035011167,0.20865240906004953,0.21130316478822145,0.21470310703880985,0.1963576746064071
60.0,0.6,0.4,0.0,1836,0.20894849396722157,1.00990990656317,0.6038037425205746,0.23120659022052878,0.2059584035436479,0.21623375269682857,0.20865099671157927,0.2126493655779317,0.21730364319205697,0.192894802081285
60.0,0.6,0.4,1.0,1836,0.20854339880242295,1.0087016310890022,0.602970775602068,0.23120659022052878,0.20520710829575597,0.2155406311190531,0.20868235154257284,0.2120655884513693,0.2172450654920891,0.19251964791369736
60.0,0.6,0.4,2.0,1836,0.20829966387525423,1.007866143117349,0.6024501902500536,0.23120659022052878,0.20470935467480467,0.21507815398196625,0.20884013678415206,0.21171299763585744,0.2171948537192738,0.19226248645547095
60.0,0.6,0.4,3.0,1836,0.20815886936520622,1.0072980487800394,0.6021461095897133,0.23120659022052878,0.20437946489812675,0.21477397918947885,0.20905080037970486,0.21150614759538525,0.21715684629457896,0.19208597783396256
60.0,0.8,0.15,1.0,1836,0.21465691159768593,1.0253989389055602,0.6150385922249443,0.23120659022052878,0.21410520327617033,0.22246942306319303,0.21279434992975318,0.21530554230980697,0.2162262706580313,0.20704068034916084
60.0,0.8,0.15,0.0,1836,0.215269615808942,1.0271917412418328,0.6162866556234806,0.23120659022052878,0.21492617977054063,0.22358413784444572,0.2128538292171769,0.21616951189084074,0.21643207236977993,0.2076519637608679
60.0,0.8,0.15,2.0,1836,0.21422101429928397,1.024020678345598,0.6141345565231123,0.23120659022052878,0.2135072453620549,0.22163096771874288,0.21287630888946937,0.21468944877499482,0.21605356928491581,0.20656854576552586
60.0,0.8,0.15,3.0,1836,0.21391793966819309,1.0229894476496468,0.6135077710510008,0.23120659022052878,0.2131032356750197,0.22101175451799412,0.21303272254091787,0.21424940961982636,0.21591259721823416,0.20619791843716637
60.0,0.8,0.25,0.0,1836,0.20922884870782224,1.0094737389272292,0.6040670115014265,0.23120659022052878,0.20755302288057995,0.21650867803479848,0.207635267978328,0.21211983046671784,0.21451946487051068,0.19703682801599864
60.0,0.8,0.25,1.0,1836,0.20873189607130838,1.0079868266758918,0.6030464053549974,0.23120659022052878,0.20680610756908063,0.2156130604927928,0.20762594100644965,0.2114048311361326,0.21439038245368802,0.19655105376970666
60.0,0.8,0.25,3.0,1836,0.2081899871121223,1.0061132021638481,0.6019039372154681,0.23120659022052878,0.205916954951581,0.2145291544928908,0.20793856343275002,0.21061679860531815,0.2142058517222668,0.19593259946792702
60.0,0.8,0.25,2.0,1836,0.20840214669043677,1.006894415001256,0.6023521842900637,0.23120659022052878,0.20627638151055266,0.2149760365438288,0.20774926099386412,0.21092836163211062,0.21428674715376692,0.19619609230849733
60.0,0.8,0.4,0.0,1836,0.2084981536745922,1.0083837945450793,0.6028674213532776,0.23120659022052878,0.20577782803314718,0.21567815910177446,0.20803011678876226,0.2120023275545856,0.21675304020497396,0.19274745036430987
60.0,0.8,0.4,1.0,1836,0.2080901927433997,1.0071398151337891,0.6020259177610074,0.23120659022052878,0.20506485474707545,0.2149826251985171,0.20805666462978872,0.21141163376398012,0.21668387437991127,0.19234150374112552
60.0,1.0,0.15,1.0,1836,0.21417813232750837,1.0239731988642344,0.6140385465635858,0.23120659022052878,0.21379389032960397,0.22193672073443046,0.21212540911813263,0.21477704527069455,0.2158373472436395,0.20659838126854915
60.0,1.0,0.15,0.0,1836,0.2148443827491142,1.0259258756565866,0.6153930588809269,0.23120659022052878,0.21464411636812272,0.22313143578416464,0.21221015514316888,0.21571848149660114,0.2160844666940528,0.20727764100857488
60.0,0.8,0.4,2.0,1836,0.20783770711556798,1.0062767534014805,0.6014910822650068,0.23120659022052878,0.20456422330616533,0.21451235559232298,0.20821239493985771,0.2110510872925076,0.21662985505227214,0.19205632651028204
60.0,0.8,0.4,3.0,1836,0.2076934057278696,1.0057036882804578,0.6011828711455385,0.23120659022052878,0.2042456004615763,0.21420198895417886,0.20842828768667054,0.2108348593947354,0.2165917804217701,0.1918579174482864
60.0,1.0,0.15,2.0,1836,0.21370184469777226,1.022470923883672,0.6130551564831831,0.23120659022052878,0.21317174084415114,0.22103445627698987,0.212193337620926,0.21410032561356654,0.21563763242710063,0.2060735754038994
60.0,1.0,0.15,3.0,1836,0.2133690023193037,1.021347743762823,0.6123713027420258,0.23120659022052878,0.21274804198499964,0.2203643147714482,0.212344876520763,0.21361302199693846,0.2154830752538565,0.20566068338781626
60.0,1.0,0.25,0.0,1836,0.2088491926806811,1.0082979431946737,0.6032674222315118,0.23120659022052878,0.2073633173311816,0.21609110463431164,0.20707242710072327,0.21164079117648132,0.21413229760607888,0.19679521823531002
60.0,1.0,0.25,1.0,1836,0.20832548981913843,1.0067221424007256,0.6021934740885427,0.23120659022052878,0.20660496813102086,0.2151647392984973,0.2070482653012267,0.21088637237976232,0.21398255945574052,0.19626603434858292
60.0,1.0,0.25,2.0,1836,0.20797614312053506,1.0055624818075581,0.60146181582723,0.23120659022052878,0.20606671723959732,0.21449778016188312,0.20716723655439084,0.2103781540644874,0.21386714421846867,0.19587982648438287
60.0,1.0,0.25,3.0,1836,0.20775515120764942,1.0047511349157576,0.6010000412230815,0.23120659022052878,0.2057218892630266,0.21402550415570282,0.20735876246814916,0.21004403460624282,0.21378680281416845,0.19559391393860684
60.0,1.0,0.4,0.0,1836,0.2081697924891485,1.0072973258557756,0.6021965894643354,0.23120659022052878,0.20568266692487946,0.21526478126605209,0.2075593733837351,0.21154183459959267,0.21629065638942652,0.19267944237120513
60.0,1.0,0.4,1.0,1836,0.20774496718927804,1.0059889209119188,0.6013176806305882,0.23120659022052878,0.20493886946951226,0.21456121807313897,0.20757839661154098,0.2109345076471091,0.21621316313764116,0.19224364819672565
120.0,0.6,0.15,0.0,1836,0.20968391461415345,1.0103458847558966,0.6046300330286659,0.23120659022052878,0.20880782574093418,0.21680474201866431,0.20811307103111107,0.21175298896017125,0.21218620094879945,0.20043865898524038
120.0,0.6,0.15,1.0,1836,0.20882025022112505,1.0078039168446296,0.6028858830591116,0.23120659022052878,0.20780288801077712,0.21531516360301214,0.2079260313375567,0.21053070241562433,0.211790564207567,0.19955615175221303
60.0,1.0,0.4,2.0,1836,0.207490862357558,1.0051100268770914,0.6007859575078032,0.23120659022052878,0.20446907499766923,0.21408289814850415,0.20773806015016497,0.21055805174078102,0.2161571971589031,0.1919398919493256
60.0,1.0,0.4,3.0,1836,0.20733910594763758,1.0045094870585816,0.60046078513221,0.23120659022052878,0.20412454568510632,0.2137613945759526,0.20795830779374405,0.21034021192622346,0.21612554630462558,0.19172462940017337
120.0,0.6,0.15,2.0,1836,0.20821144812330622,1.0058941591845123,0.6016428912860222,0.23120659022052878,0.20707376733145952,0.21419410324982924,0.2079426383890923,0.20965410288768793,0.211502615151086,0.1989014617306825
120.0,0.6,0.15,3.0,1836,0.20780256563358857,1.0045276198581854,0.6008108918970482,0.23120659022052878,0.2065824202897276,0.2133715882583734,0.20808422931912623,0.2090396723013164,0.21131530377218832,0.19842217986079944
120.0,0.6,0.25,0.0,1836,0.2061811877216184,0.999897713426063,0.5975929416419248,0.23120659022052878,0.20411416861014353,0.21273517947207218,0.20554758981178692,0.20969896663665,0.21149050651995915,0.19350071527909854
120.0,0.6,0.25,1.0,1836,0.2055929429414641,0.9981141261507648,0.5963941677018321,0.23120659022052878,0.20333428032432893,0.21169108024964406,0.2054890028447217,0.20883120786040146,0.21131111153554336,0.19290097483414506
120.0,0.6,0.25,2.0,1836,0.20521275701364508,0.9968506213011847,0.595607858511903,0.23120659022052878,0.20279705873290166,0.21094726948717074,0.20560057730273718,0.20825483403876094,0.21119747816464673,0.19247932435565315
120.0,0.6,0.25,3.0,1836,0.20498624061490076,0.9960238190294508,0.5951447563255113,0.23120659022052878,0.2024700300812753,0.21042526598948988,0.20579894842930402,0.20788803231007325,0.21114406581976555,0.19219110105949647
120.0,0.6,0.4,0.0,1836,0.20629190469923422,1.0011828296331298,0.5981137513768116,0.23120659022052878,0.2035667934794171,0.21294200294947047,0.2064409269320468,0.21014702471682387,0.21322947454666283,0.19142520557098439
120.0,0.6,0.4,1.0,1836,0.20586423764294176,0.9998644357504445,0.5972408991940663,0.23120659022052878,0.2028883394561792,0.21219776452567068,0.2064653586291325,0.20950623161931392,0.2131678883234887,0.19095984330386545
120.0,0.8,0.15,0.0,1836,0.20880987322372854,1.007728634420162,0.6027791934707432,0.23120659022052878,0.2082384097851736,0.2159681746334735,0.20683204581352652,0.21096010753673822,0.21108935973003004,0.19977114184342942
120.0,0.8,0.15,1.0,1836,0.20784016677711067,1.004854635872726,0.600826291780183,0.23120659022052878,0.20714705077670578,0.21432528447012406,0.2066014086042517,0.20957916739724458,0.2106357246812324,0.19875236473310545
120.0,0.6,0.4,2.0,1836,0.2056075492999438,0.9989746741205434,0.5967090882490078,0.23120659022052878,0.20242826110320578,0.21169021343987027,0.20663459809380877,0.2091110944328745,0.21314008336067536,0.19064104536922807
120.0,0.8,0.15,2.0,1836,0.207180960537601,1.0027699615673802,0.5994864347182111,0.23120659022052878,0.2063684887327063,0.21311820293873282,0.20662497791086903,0.20861136764961996,0.21033562305521095,0.19802710293846676
120.0,0.6,0.4,3.0,1836,0.20547318718193586,0.9984468709686845,0.5964392696101876,0.23120659022052878,0.202160016925443,0.21135341572267316,0.20686717191506515,0.20888524532772923,0.21314452503913395,0.19042874816157077
120.0,0.8,0.15,3.0,1836,0.20677279449851113,1.0013850236547819,0.5986612523717915,0.23120659022052878,0.20586751365580586,0.21226747843981866,0.2068112220416461,0.20796771940720296,0.2101812515828363,0.19754158186375698
120.0,0.8,0.25,0.0,1836,0.20565668138452678,0.9982605850177275,0.5964710192380851,0.23120659022052878,0.20391022718922233,0.21216150931960395,0.20473162258252747,0.20923154809532057,0.2104508231903285,0.1934543579301578
120.0,0.8,0.25,1.0,1836,0.20503385929586884,0.9963545472207767,0.5952088882453669,0.23120659022052878,0.20311269617175695,0.2110651448115716,0.20466568256875725,0.20829911132183881,0.2102777247128642,0.1927827961884241
120.0,0.8,0.25,2.0,1836,0.20464639967677214,0.9950554422793354,0.5944165088400539,0.23120659022052878,0.20257776170563133,0.21029142840535625,0.20479461971026736,0.2076917729767181,0.21019019264370017,0.1923326226189597
120.0,0.8,0.25,3.0,1836,0.20443927594711553,0.9942870693542393,0.5940026831315003,0.23120659022052878,0.20227681823390378,0.2097685842779136,0.2050313664918297,0.2073245953739282,0.21018546234685376,0.19204882895826395
120.0,0.8,0.4,0.0,1836,0.2058041199937698,0.9995467631048622,0.5970775390057627,0.23120659022052878,0.20342494374569534,0.21229213150266993,0.20568062440394436,0.2097402623218907,0.2120168352443905,0.19166992274402792
120.0,0.8,0.4,1.0,1836,0.20537025920048835,0.9981998332939854,0.596200087005078,0.23120659022052878,0.20275821739007532,0.21153528561906557,0.2057075739975141,0.20907721250847164,0.21198264694338237,0.19116061874442103
120.0,1.0,0.15,0.0,1836,0.2081113172642863,1.005624163989227,0.6012972017004029,0.23120659022052878,0.2078123505783323,0.2153281983456128,0.20580369366211118,0.2103648664603563,0.21011414712106594,0.19924464741823927
120.0,1.0,0.15,1.0,1836,0.20706069695663953,1.0024883105324929,0.5991871428731209,0.23120659022052878,0.20664531893726082,0.213569770049527,0.20554718931108976,0.20885313909305053,0.20963508836595574,0.19811367598295332
120.0,0.8,0.4,2.0,1836,0.20512129207993665,0.9973346993231016,0.595695153163398,0.23120659022052878,0.20231643675637564,0.21102446808284014,0.20589524390673528,0.20867793369323157,0.21198935049428294,0.19082431954615425
120.0,0.8,0.4,3.0,1836,0.20500366621305166,0.9968712479572818,0.5954700173987219,0.23120659022052878,0.20207607479171422,0.2106878975584491,0.2061557901501078,0.2084595095802132,0.21203240927147704,0.1906103159263487
120.0,1.0,0.15,2.0,1836,0.20637904375037008,1.0003119292266927,0.5978065773274442,0.23120659022052878,0.20583458485486048,0.212311192736115,0.20559321229633387,0.20783239275137372,0.20935096687691393,0.19735191298662363
120.0,1.0,0.15,3.0,1836,0.20599808725931204,0.998994159601969,0.597041566136361,0.23120659022052878,0.20533892215158608,0.21146921927103177,0.20584853667412145,0.20719795266408358,0.20924481185430902,0.19688908094074023
120.0,1.0,0.25,0.0,1836,0.20530902467467824,0.9971820359996298,0.5957231995895399,0.23120659022052878,0.20383397337038192,0.21178862905763818,0.20416640066335395,0.20896404721055914,0.2095692251247648,0.1935318726213717
120.0,1.0,0.25,1.0,1836,0.20466533562949635,0.9951972799992079,0.5944269257145657,0.23120659022052878,0.20302698072894826,0.21065167301809887,0.2041013476718512,0.20798146998685255,0.20942344317255837,0.1928070991986689
120.0,1.0,0.25,2.0,1836,0.20428527067778646,0.9939147481915449,0.5936588046174892,0.23120659022052878,0.20250164523201708,0.2098702890265192,0.20425544555688327,0.20736199631247906,0.2093792767231687,0.19234297121565136
120.0,1.0,0.25,3.0,1836,0.2041082281026582,0.993246503241417,0.5933150070180059,0.23120659022052878,0.20222950564003253,0.20936076488343508,0.20453892892044664,0.2070152552276385,0.20942446265764017,0.19208045128675627
120.0,1.0,0.4,0.0,1836,0.2054790187364892,0.9984567606213092,0.5963783163058434,0.23120659022052878,0.20339065578235002,0.2118525058685445,0.20514698390937774,0.2095007020882505,0.2110067846863792,0.191976480084033
240.0,0.6,0.15,0.0,1836,0.2062010449364318,0.9996356827403654,0.5972377921935512,0.23120659022052878,0.20519753487568942,0.2127723022359394,0.2048215594566861,0.20920972606378252,0.2082656130426345,0.19693953394385882
120.0,1.0,0.4,1.0,1836,0.205047150147033,0.9971136656734004,0.595514870404049,0.23120659022052878,0.20273915641702542,0.2110909428758491,0.20518899946642027,0.2088196643006349,0.21100512067723493,0.19143901714503345
240.0,0.6,0.15,1.0,1836,0.2051563273310793,0.9965022217416255,0.5951477455158387,0.23120659022052878,0.2039889929434617,0.21100341208635445,0.20457890642510948,0.20769219536892267,0.2078782023104501,0.19579625485217744
120.0,1.0,0.4,2.0,1836,0.20480933697476983,0.9962903722682211,0.5950422159679156,0.23120659022052878,0.20231980969039026,0.21058355206940294,0.2053947992413662,0.20842196220192208,0.21104539111690293,0.19109050752863457
120.0,1.0,0.4,3.0,1836,0.20471219423912435,0.995908345156433,0.5948685721801584,0.23120659022052878,0.20210788400028798,0.21025404565466654,0.205678420803926,0.20822373562051186,0.21112270638747152,0.19088637296788205
240.0,0.6,0.15,2.0,1836,0.20452062035960236,0.9944539530119425,0.5938634924314176,0.23120659022052878,0.20318788223258047,0.2097823485601983,0.20466476881107107,0.20672353481390032,0.2076649598650562,0.19510022787480774
240.0,0.6,0.15,3.0,1836,0.20422072984262357,0.9933828670019405,0.5932607162750542,0.23120659022052878,0.20274211512537196,0.20901601406704162,0.20497982861480082,0.20619669697568652,0.20761452395802996,0.1947752003148104
240.0,0.6,0.25,0.0,1836,0.2046316308615538,0.9950518564079386,0.59418469396379,0.23120659022052878,0.20260632584456034,0.21074150704872566,0.20405439630788713,0.20870803922721984,0.20846539991614882,0.19321411682478104
240.0,0.6,0.25,1.0,1836,0.2040153879039055,0.9931647308962035,0.592952896098575,0.23120659022052878,0.20181052871194172,0.20962893492952922,0.20401584060156436,0.2077330566797507,0.20839106898418047,0.19251289751646644
240.0,0.6,0.25,2.0,1836,0.20367193696027638,0.9920146628492494,0.5922647491170253,0.23120659022052878,0.20131618881839605,0.2088828734272035,0.20419210100241314,0.20714728914944494,0.20838900408916772,0.19210416527503293
240.0,0.6,0.25,3.0,1836,0.20353761585549243,0.9915074198111318,0.5920102324848268,0.23120659022052878,0.20108675919725505,0.2084179693321889,0.2044871020541182,0.20685385733716163,0.20845604640107,0.19192396081116092
240.0,0.6,0.4,0.0,1836,0.204864106368516,0.9963991638160189,0.5948869741945607,0.23120659022052878,0.2024561137763405,0.2109071093346026,0.2047384925271496,0.209210729798049,0.2095989258922419,0.1922732668827124
240.0,0.8,0.15,0.0,1836,0.20542801609061442,0.9972020945928468,0.5955361953986666,0.23120659022052878,0.20468129181764808,0.212042181394981,0.2037372401036017,0.208739326374786,0.20673992245057876,0.19662813440209115
240.0,0.6,0.4,1.0,1836,0.2044524998376259,0.9951402649638198,0.594073333750989,0.23120659022052878,0.20183086554371577,0.21016364360063297,0.20480756120473684,0.20853493357889819,0.2096225791102191,0.1917554159875524
240.0,0.8,0.15,1.0,1836,0.2043440731216973,0.9939113513152074,0.5933834240272817,0.23120659022052878,0.20338438360154207,0.21019456091071553,0.20352545769564176,0.2071123420573992,0.20646166871038585,0.1953860257544995
240.0,0.6,0.4,2.0,1836,0.20423120224480223,0.9943916388088258,0.5936393525299081,0.23120659022052878,0.20144072298417315,0.2096740006972771,0.20501919668766685,0.2081453972948095,0.2096691998663996,0.1914386959384874
240.0,0.8,0.15,2.0,1836,0.2037676228563483,0.9920107191461361,0.5922281300798508,0.23120659022052878,0.20258459501834025,0.2090067799841669,0.2037122759678637,0.20618854847964083,0.2063495119444173,0.19476402574366078
240.0,0.6,0.4,3.0,1836,0.20415138608447367,0.9940938240885966,0.5935042793657529,0.23120659022052878,0.20126261018026737,0.20936550172384663,0.20529490575447693,0.20796395325949862,0.209742754736649,0.19127859085210325
240.0,0.8,0.15,3.0,1836,0.20360888995719406,0.9913759066040599,0.5919147577019772,0.23120659022052878,0.20222157568982818,0.20836161639022466,0.20418754412400147,0.205836339419089,0.2063910661483137,0.1946551979717073
240.0,0.8,0.25,0.0,1836,0.20432361666069868,0.9940330732078325,0.5934640919127652,0.23120659022052878,0.20257477523584944,0.2103171476759554,0.20349090582421386,0.2085754963797003,0.20719087564645083,0.1937924992020222
240.0,0.8,0.25,1.0,1836,0.20371422258194863,0.9921637773909412,0.5922633223486599,0.23120659022052878,0.20178009145010337,0.2091984620798781,0.20348301647535566,0.20757107859921908,0.20719517203334037,0.19305751485379513
240.0,0.8,0.25,2.0,1836,0.2034154740397152,0.9911648571239446,0.591679392567371,0.23120659022052878,0.20133217653053134,0.2084864773150584,0.2037058174553234,0.20702275722832497,0.2072492514265608,0.19269636428249226
240.0,0.8,0.25,3.0,1836,0.20335775279287052,0.9909346451020917,0.5915880683667024,0.23120659022052878,0.20117742471678213,0.20808110807020705,0.2040683158832685,0.20682625861851686,0.20735533492882588,0.19263807453962253
240.0,0.8,0.4,0.0,1836,0.2045520321112016,0.9952671039135094,0.5941563142909823,0.23120659022052878,0.20246449253419269,0.21041327478276536,0.2041312614004802,0.20901112281889359,0.2081741029324427,0.19311793819843517
240.0,0.8,0.4,1.0,1836,0.20414865097149396,0.9940480855693614,0.5933739425439383,0.23120659022052878,0.20186299871158403,0.20967788747843152,0.20421551580326935,0.20833484373574349,0.20822141155949103,0.19257924854044414
240.0,1.0,0.15,0.0,1836,0.20502626420433706,0.9958845672968332,0.5946175382864622,0.23120659022052878,0.20442714794282799,0.21165862797944618,0.20320487557598207,0.2085615360632982,0.2056948915681546,0.1966105060963134
240.0,1.0,0.15,1.0,1836,0.20394614700385116,0.9925780662078615,0.5924868130579951,0.23120659022052878,0.2030705692390596,0.20979028635609265,0.20304331139388632,0.20689858911804598,0.20553910555674,0.19533502035928244
240.0,0.8,0.4,2.0,1836,0.20395106625578677,0.9934007526515399,0.5930007083072983,0.23120659022052878,0.20151815563539088,0.20920283798373826,0.2044460704848085,0.2079696230785904,0.20828293325062955,0.19228677710156294
240.0,1.0,0.15,2.0,1836,0.20346046665461362,0.9909415294822501,0.591521165811436,0.23120659022052878,0.20229975974635164,0.20867372491284064,0.20333162798739543,0.20608832726572865,0.20551168734209874,0.19485767267326673
240.0,0.8,0.4,3.0,1836,0.20390249738848265,0.993244580322713,0.5929381281623931,0.23120659022052878,0.2013944287641223,0.2089142666931159,0.2047412065630192,0.20783045293714816,0.20835837878408037,0.19217625058940974
240.0,1.0,0.15,3.0,1836,0.20345398219508534,0.9908182435029795,0.591518416039806,0.23120659022052878,0.20203341617564113,0.20817078653429336,0.20394705400727364,0.2059541499746148,0.20559854963523563,0.19501993684345342
240.0,1.0,0.25,0.0,1836,0.20425266210512613,0.9937536816766199,0.5932449107946116,0.23120659022052878,0.20268502282280323,0.2101767176460314,0.20329899355827308,0.20854567553444842,0.20635908197798233,0.19445048109121824
240.0,1.0,0.25,1.0,1836,0.2036561420441549,0.9919299249152782,0.5920821096069214,0.23120659022052878,0.20189793330277914,0.20906360894070863,0.20331272641717185,0.20754605859205127,0.20639823943554378,0.19371828557667461
240.0,1.0,0.25,2.0,1836,0.20340291108902897,0.9910916232859925,0.5915972806522618,0.23120659022052878,0.20149236315066793,0.20839123027407302,0.20356900177850476,0.2070580249406519,0.20646486557079324,0.19344198081948286
240.0,1.0,0.25,3.0,1836,0.20341498603564875,0.9911306060734533,0.5916496805560516,0.23120659022052878,0.2014138449458096,0.20804932579028737,0.2039764888607243,0.20696855173459364,0.2065608832805177,0.1935208216019599
240.0,1.0,0.4,0.0,1836,0.2044649046242865,0.9948755284187395,0.5938961473981431,0.23120659022052878,0.20260792294228233,0.21024394603058608,0.203892509994709,0.2088988532476508,0.20718251295850793,0.19396368257198268
480.0,0.6,0.15,0.0,1836,0.20491140828405932,0.9955043863144957,0.59438287868617,0.23120659022052878,0.20366445563387764,0.21117111320867216,0.20374085384380933,0.20842913541156569,0.2062615625915553,0.19620132901487589
240.0,1.0,0.4,1.0,1836,0.20406831501406197,0.9936920340983321,0.5931371347578739,0.23120659022052878,0.20203087118922874,0.2095127990652167,0.2039803114856128,0.20823807123293114,0.20722454149609656,0.19342329561528593
480.0,0.6,0.15,1.0,1836,0.20387985228907438,0.9923706909210294,0.5923433666532082,0.23120659022052878,0.2023756745194345,0.20938952836757932,0.2035713741067399,0.20685871067653175,0.20606766175707728,0.19501616430708352
240.0,1.0,0.4,2.0,1836,0.2038875877885212,0.9931254200256722,0.592806274708863,0.23120659022052878,0.2017258262424304,0.20904844795690555,0.2042171273101159,0.2078986340597685,0.2072699845140075,0.19316550664789933
480.0,0.6,0.15,2.0,1836,0.203375877290917,0.990696081619904,0.5913347330313458,0.23120659022052878,0.20161488791661586,0.20828384643851097,0.20380632996559092,0.20603152397958566,0.20599134446118886,0.19452733098400968
240.0,1.0,0.4,3.0,1836,0.20386573500518443,0.9930968031476174,0.5928024462638184,0.23120659022052878,0.20165106851652947,0.208778111024823,0.20451917379691134,0.20780447156811588,0.2073258206570823,0.19311576446764459
480.0,0.6,0.15,3.0,1836,0.2033018187313477,0.9903501427200082,0.5911903281367096,0.23120659022052878,0.20131324090298255,0.20773482006077487,0.20433083247304806,0.20580675375187538,0.20602789551409473,0.1945973696853107
480.0,0.6,0.25,0.0,1836,0.2042139051569082,0.9936490648281983,0.5931317930807208,0.23120659022052878,0.20211352274717329,0.20996972915881676,0.20365164978181205,0.20847054799489217,0.20690504521919117,0.19417293603956381
480.0,0.6,0.25,1.0,1836,0.20362468719190713,0.9918551642443441,0.5919758138935282,0.23120659022052878,0.2013301623957308,0.2088838919313753,0.2036614675606616,0.20748780119655802,0.2069052662899991,0.19347953377711785
480.0,0.6,0.25,2.0,1836,0.20334963246308238,0.9909471584666493,0.5914389086601854,0.23120659022052878,0.20090335383456448,0.2082015494470199,0.20388898466290514,0.20697122321964279,0.2069424459347884,0.1931902376795736
480.0,0.6,0.25,3.0,1836,0.20331576679005942,0.9908165518449513,0.5913930778206462,0.23120659022052878,0.20077903118656337,0.20783189885284678,0.2042475862546579,0.20681561929482628,0.20700588735479272,0.19321457779666965
480.0,0.6,0.4,0.0,1836,0.20442078584551968,0.9947580328084304,0.5937423288421693,0.23120659022052878,0.20210320513214708,0.21010325972818295,0.20412685053204557,0.20881851228233436,0.20764828721956596,0.19372460017884216
480.0,0.6,0.4,1.0,1836,0.20402181252352275,0.9935657285962823,0.5929709233292049,0.23120659022052878,0.20151477789040745,0.20937404385859473,0.20421257888163877,0.20814254074543953,0.20767436987955568,0.19321256388550045
480.0,0.8,0.15,0.0,1836,0.20469777264484382,0.994683978190944,0.5937985467399237,0.23120659022052878,0.20344351712676195,0.2109157350927667,0.20357701824598567,0.20831673781859872,0.20533838678597968,0.1965952407989703
480.0,0.8,0.15,1.0,1836,0.203701822176011,0.9916334008583163,0.5918466990045147,0.23120659022052878,0.2021021688584128,0.20914246800602632,0.20348245678165766,0.20676838875183878,0.20524478674989774,0.1954706639082328
480.0,0.6,0.4,2.0,1836,0.20382778354533027,0.9929453065930242,0.5926055553691401,0.23120659022052878,0.20118965771691388,0.20890320964290246,0.2044346174039698,0.20778310700840044,0.2077063514343351,0.19294975806545978
480.0,0.6,0.4,3.0,1836,0.20378249448060998,0.9928167252261483,0.59254707359657,0.23120659022052878,0.20108245157573756,0.20862140958677303,0.20471599041677518,0.20764959733870164,0.2077460000328101,0.19287951793286234
480.0,0.8,0.15,2.0,1836,0.20334386741449662,0.9904145142144285,0.5911380614286332,0.23120659022052878,0.20140754766680802,0.2081690507560547,0.20384679651409393,0.2061536460390725,0.20521007683562764,0.1952760866753227
480.0,0.8,0.15,3.0,1836,0.20349124716545278,0.9908535183855325,0.591439449150104,0.23120659022052878,0.20126071495888015,0.20783451556815924,0.2045444317094617,0.206274724615202,0.20522907388686598,0.19580402225414756
480.0,0.8,0.25,0.0,1836,0.20429389872995332,0.9937536992837606,0.5931688025628002,0.23120659022052878,0.20228965335164523,0.20997593893716265,0.20380887326404035,0.20837541329025563,0.2059998358866332,0.19531367764998286
480.0,0.8,0.25,1.0,1836,0.2037253573125744,0.992037102378133,0.5920652223913555,0.23120659022052878,0.20152249377181605,0.20890234457952186,0.20382853938190856,0.20742348691331455,0.20599289194234507,0.1946823872865404
480.0,0.8,0.25,2.0,1836,0.2035106856432808,0.9913512488274161,0.5916546647022755,0.23120659022052878,0.20116138534380798,0.20827678857823206,0.20408632548368194,0.20700506647901357,0.20599049760757993,0.19454405036736921
480.0,0.8,0.25,3.0,1836,0.20357121548236054,0.9915969357559992,0.5917975382644605,0.23120659022052878,0.20114352404607252,0.20800475626008086,0.20449306389496313,0.20700331019168003,0.2060047413270296,0.19477789717433705
480.0,0.8,0.4,0.0,1836,0.20445890619169682,0.9946632661768495,0.5936834023858671,0.23120659022052878,0.20232417228717997,0.2101044726989434,0.20423237426418844,0.2085850998692748,0.20645256493125813,0.19505475309933631
480.0,0.8,0.4,1.0,1836,0.2040702534102051,0.9935221674144665,0.5929424198421669,0.23120659022052878,0.2017623743845229,0.20937432868730335,0.2043119124150998,0.20793860108942305,0.2064475265854345,0.1945867772994471
480.0,1.0,0.15,0.0,1836,0.2049303279339535,0.9952498991158354,0.5941445437805256,0.23120659022052878,0.20349040874056157,0.2111137200350796,0.20425309046964496,0.20824472271396033,0.2052015299063749,0.19727849573809933
480.0,1.0,0.15,1.0,1836,0.20399778371471705,0.9923925698618986,0.5923269202437778,0.23120659022052878,0.20212595784717202,0.20937109976562257,0.20420054079731592,0.2067986747420499,0.20511607548557004,0.1963743536505718
480.0,0.8,0.4,2.0,1836,0.20390013148041555,0.9930157742054158,0.5926314956890009,0.23120659022052878,0.20148510504638756,0.20892088576683834,0.20453173314447748,0.20762816539309273,0.2064416627457631,0.19439323678593406
480.0,0.8,0.4,3.0,1836,0.20389202824101157,0.993066983053773,0.592651545081054,0.23120659022052878,0.20144314974889013,0.2086680508682863,0.20482080603680336,0.20756378760926728,0.20644455838471581,0.19441181679810654
480.0,1.0,0.15,2.0,1836,0.20377852820918083,0.9916483224275668,0.59189627321219,0.23120659022052878,0.2015097512215843,0.20853343670253935,0.20464952642960252,0.20641159059188505,0.20505638571830154,0.19651047859117207
480.0,1.0,0.15,3.0,1836,0.20411238741505305,0.992821294926517,0.592570329150292,0.23120659022052878,0.20151542383906704,0.20840861503327765,0.20545549106111083,0.2068457912807524,0.2050212658267367,0.19742773744937384
480.0,1.0,0.25,0.0,1836,0.2046408691812131,0.9946842257670908,0.5937469332144071,0.23120659022052878,0.20258730167340583,0.21037862693166282,0.20461515152245527,0.20819470704670276,0.20565054243897937,0.19641888547407257
480.0,1.0,0.25,1.0,1836,0.2041017703981141,0.9930750941451797,0.5927057767830416,0.23120659022052878,0.2018338730049232,0.2093049813879647,0.20462402599172982,0.20730545165520048,0.20560510422789213,0.1959371861209744
480.0,1.0,0.25,2.0,1836,0.20394383359895288,0.9926111506017791,0.5924085499549371,0.23120659022052878,0.2015312938402326,0.20873034106704413,0.2048926477377407,0.20699239282449644,0.2055660346845737,0.19595029143962978
480.0,1.0,0.25,3.0,1836,0.20408192633167507,0.9931887813560317,0.5927043868321588,0.23120659022052878,0.20160268133045015,0.20854700984586577,0.205328230854064,0.2071376516646629,0.20553451655915964,0.19634146773584796
480.0,1.0,0.4,0.0,1836,0.2047633526960372,0.9954149237558921,0.5941587411375536,0.23120659022052878,0.2026489681946971,0.21053354961084939,0.20499155471146796,0.20830982005152776,0.20585840269827826,0.1962378209094028
inf,0.6,0.15,0.0,1836,0.2048166319887837,0.994879133621734,0.593904795610717,0.23120659022052878,0.2027931079500124,0.21065331858829095,0.20460857492405415,0.20814075208756266,0.20556774962934113,0.1971362887534409
480.0,1.0,0.4,1.0,1836,0.204396345518045,0.994361357716479,0.5934677924092238,0.23120659022052878,0.20211145886479454,0.20979360162180552,0.20506340263760786,0.20769964660987048,0.20583422208790836,0.1958757412862831
inf,0.6,0.15,1.0,1836,0.20391087851090642,0.9921218424475681,0.5921339047316542,0.23120659022052878,0.20148790829302285,0.20898071859211143,0.20454989192574038,0.20673537856708216,0.20543059760395643,0.1962807760835251
480.0,1.0,0.4,2.0,1836,0.20425165083386035,0.9939758745496878,0.5932123014864918,0.23120659022052878,0.20187070439749408,0.20934251609307167,0.205278712856802,0.2074444400723373,0.20581443635027397,0.19575909523318308
inf,0.6,0.15,2.0,1836,0.20365563765909872,0.991270689790499,0.5916232033185292,0.23120659022052878,0.20086388799637322,0.2081314413900025,0.20495414202806678,0.20629182095517204,0.20532295198111886,0.19636958160385895
480.0,1.0,0.4,3.0,1836,0.20427525630162624,0.9941855287778834,0.5932978059258446,0.23120659022052878,0.20188297592322593,0.20911355362016867,0.2055700711601229,0.20744527914006355,0.20579312993026996,0.1958465280359064
inf,0.6,0.15,3.0,1836,0.20391040086060944,0.9921514661617152,0.5921272801678226,0.23120659022052878,0.20081556602542805,0.20793725569586516,0.20568875587397228,0.2066072697069181,0.20524506094218262,0.19716849691929045
inf,0.6,0.25,0.0,1836,0.20456135518904317,0.9944397721063689,0.5935496287208916,0.23120659022052878,0.20202887582631504,0.21005213910061932,0.20485995004194496,0.2081363926125048,0.20590912933842223,0.19638164421445262
inf,0.6,0.25,1.0,1836,0.2040238573797465,0.9928410112701688,0.5925042265150343,0.23120659022052878,0.20127732635332052,0.2090030501417675,0.20487238408052744,0.20723775479203096,0.2058389382343856,0.19591369067644696
inf,0.6,0.25,2.0,1836,0.20383784743792865,0.9922806094541822,0.5921420545475802,0.23120659022052878,0.20094520881547617,0.20842016679412992,0.20511606100425633,0.20687497865169324,0.20577641896377002,0.1958942503982462
inf,0.6,0.25,3.0,1836,0.2039277827949895,0.9926719450408127,0.5923333473841866,0.23120659022052878,0.20096870550029755,0.20819645029902323,0.20551360027734894,0.20693908195244928,0.20572046724766985,0.19622839149314786
inf,0.6,0.4,0.0,1836,0.204676213153963,0.9951465892407538,0.5939247598008991,0.23120659022052878,0.2021321751345082,0.21022502092110693,0.20517894158603056,0.2082157158873075,0.20606166319156125,0.1962437622032637
inf,0.6,0.4,1.0,1836,0.2043053492003168,0.9940809886511631,0.5932196092513071,0.23120659022052878,0.2015851329724516,0.20949428889556412,0.20524942725321568,0.20759451738546184,0.20602950526490652,0.19587922343030087
inf,0.8,0.15,0.0,1836,0.20565980244532622,0.9972211772226635,0.5954076918425866,0.23120659022052878,0.20304946388060005,0.21144248631894746,0.20678589038136638,0.20786534396498682,0.20618798608280053,0.19862764404325597
inf,0.6,0.4,2.0,1836,0.20414626742979025,0.9936403144213735,0.5929282424672941,0.23120659022052878,0.2013209529428546,0.20904280829908703,0.2054507968958458,0.20730354441410306,0.2059993485905116,0.19576015343633937
inf,0.8,0.15,1.0,1836,0.20490121603907097,0.9949518128384587,0.5939313033478145,0.23120659022052878,0.20172824715779603,0.20980629435557752,0.20675896343795605,0.2066592470305543,0.20606152222879281,0.19839302202374914
inf,0.6,0.4,3.0,1836,0.20414677880260823,0.9937517197057487,0.5929597922287861,0.23120659022052878,0.20129803966747445,0.2088040207584837,0.20572731115303003,0.2072648327536245,0.2059657532174068,0.1958207152656298
inf,0.8,0.15,2.0,1836,0.2048402032951668,0.9948221706587442,0.5937990241148466,0.23120659022052878,0.2012255337549385,0.2091498343626196,0.2072557297560378,0.20653367203551176,0.205953674197607,0.19892277566428618
inf,0.8,0.15,3.0,1836,0.20531313910760682,0.9966393218092371,0.5947285391421179,0.23120659022052878,0.20138711411413632,0.20924856619283988,0.20811846713826376,0.2072395963519531,0.20586726330177377,0.2000178275466741
inf,0.8,0.25,0.0,1836,0.20547260179525575,0.9969750144730982,0.5951703803812071,0.23120659022052878,0.2024946884654791,0.21103471509814792,0.2070995274797622,0.20769893609162154,0.206247445474933,0.19826029816159077
inf,0.8,0.25,1.0,1836,0.20500456754238947,0.9956320019279835,0.5942648868635643,0.23120659022052878,0.20175773651875428,0.20997396725886133,0.2070952972545472,0.20690378954216804,0.20618709892662218,0.19810951575338395
inf,0.8,0.25,2.0,1836,0.20491033683829404,0.995441619092274,0.5940831536110812,0.23120659022052878,0.20150468526645102,0.2094561501366789,0.20736881904784318,0.20670732441533837,0.20612689732592784,0.19829814483752506
inf,0.8,0.25,3.0,1836,0.20510606852851224,0.9963037255128272,0.5944774309280553,0.23120659022052878,0.2016509461496379,0.20936453463354995,0.20782464450883523,0.206978891722702,0.20607032137981887,0.19874707277652953
inf,0.8,0.4,0.0,1836,0.2055603314712895,0.997554233932498,0.5954641546042483,0.23120659022052878,0.20261494905550215,0.21124447016723688,0.20738112770832295,0.2077024603170508,0.20626433813532555,0.19815464344429848
inf,0.8,0.4,1.0,1836,0.20522709617696513,0.9966452354090606,0.5948423068266132,0.23120659022052878,0.20209245063584072,0.21048916279005184,0.20743824076840275,0.20714015814474768,0.20623326484328094,0.19796929987946688
inf,1.0,0.15,0.0,1836,0.2069108529807039,1.0008513941267665,0.5977494245697453,0.23120659022052878,0.20345209540241682,0.21256857766431733,0.20962863743471263,0.20751997733616437,0.2080506482628127,0.20024518178379966
inf,0.8,0.4,2.0,1836,0.20511419144927262,0.9964143688648297,0.5946481013375008,0.23120659022052878,0.20187919533058335,0.2100433214789842,0.20764639156730844,0.20693460004235031,0.20620956989430872,0.19797207038210066
inf,1.0,0.15,1.0,1836,0.20627823359982783,0.9990448949627776,0.5965207927498973,0.23120659022052878,0.20212394262069638,0.2109406919514977,0.20961334076834193,0.20643716687466596,0.207989092188289,0.20056516719547607
inf,0.8,0.4,3.0,1836,0.20516750737077358,0.9967877408429361,0.5947855337432623,0.23120659022052878,0.20192228419081582,0.20983700040410205,0.2079474199008895,0.2070129356841283,0.2061772498179856,0.19810815422672007
inf,1.0,0.15,2.0,1836,0.20638958249217365,0.9995927984651809,0.5967248240408128,0.23120659022052878,0.20172331907954977,0.21043033766391903,0.2101869970506808,0.20655601298285467,0.20794882424822508,0.20149200392781264
inf,1.0,0.15,3.0,1836,0.20705090657193978,1.0022560949111459,0.5980240266307545,0.23120659022052878,0.20206217422604134,0.21076371040581812,0.21116538349292308,0.20755637983552644,0.2079275469091497,0.2028302445621798
inf,1.0,0.25,0.0,1836,0.20678609756915564,1.0007843455895258,0.5976158223507588,0.23120659022052878,0.2029830107308073,0.21226480616042245,0.2099270572468327,0.2073047113206369,0.20806935871667387,0.20016764123956063
inf,1.0,0.25,1.0,1836,0.20636529823913394,0.9996401897803645,0.5968052724479667,0.23120659022052878,0.2022553014405073,0.21117787570046376,0.20991606900614224,0.20656008084423413,0.20804142423762761,0.2002410382058286
inf,1.0,0.25,2.0,1836,0.2063555831953943,0.999796530820065,0.5967886955547184,0.23120659022052878,0.20206922634785765,0.21070932908652362,0.2102210752020067,0.20649656146454695,0.20801170454593565,0.2006256025254951
inf,1.0,0.25,3.0,1836,0.20666333142787377,1.0011499216625603,0.597402706651847,0.23120659022052878,0.20231391360304884,0.21072282759380687,0.2107423950409942,0.2069652101974509,0.20799260819592003,0.2012430339360217
inf,1.0,0.4,0.0,1836,0.2068803661908533,1.001370984509793,0.5979073142598921,0.23120659022052878,0.20310196324725321,0.2124861312454515,0.21019574287580323,0.207283656205426,0.2080680461771013,0.20014665739408435
inf,1.0,0.4,1.0,1836,0.20656612648573297,1.000561778583041,0.5973298750518109,0.23120659022052878,0.20259833270602948,0.21170034137052987,0.21023756438932187,0.2067550584907068,0.20805851727395794,0.20004694468385192
inf,1.0,0.4,2.0,1836,0.20649204998105866,1.0005021907954759,0.5972138131136497,0.23120659022052878,0.20242462858171273,0.21125922134081784,0.21044953979801106,0.2066195127428768,0.20804813788194954,0.20015125954098392
inf,1.0,0.4,3.0,1836,0.20659912397078528,1.001127440627842,0.5974581237087002,0.23120659022052878,0.202518967032762,0.21108437668244356,0.2107747584148301,0.20679463834596948,0.2080352364923559,0.20038676685635068
