half_life_days,season_penalty,prior_sd,prior_scale,prior_match_weight,n_matches,rps,log_loss,brier,rps_baseline,rps_2018_19,rps_2019_20,rps_2020_21,rps_2021_22,rps_2022_23,rps_2023_24
240.0,0.5,0.08,3.0,34.0,1836,0.2142372291977731,1.023453367142858,0.6139003030375928,0.23120659022052878,0.2141937475175952,0.22042301699016353,0.21490614552348594,0.21303852839825882,0.21377888139880627,0.20908305535832888
240.0,0.5,0.08,2.0,34.0,1836,0.21498786752714055,1.0257443985463393,0.615411676583058,0.23120659022052878,0.21512942021230935,0.22167480362423883,0.21488585764125445,0.21406748354284064,0.21426806177142932,0.20990157837077078
240.0,0.5,0.08,2.0,17.0,1836,0.21193492414886794,1.0168605395314023,0.6091855848732686,0.23120659022052878,0.21190438301494743,0.21788266941850426,0.2122801574300377,0.21138962406171458,0.21223172059298973,0.2059209903750139
240.0,0.5,0.08,3.0,17.0,1836,0.21120089017247884,1.0145499599572612,0.607703778961584,0.23120659022052878,0.21097393852995905,0.21653680721894566,0.21245899633973941,0.21032053571521195,0.21179738534384485,0.20511767788717208
240.0,0.5,0.08,2.0,8.0,1836,0.20832009226251907,1.0060841834672793,0.6017588359098889,0.23120659022052878,0.20789520909436768,0.21338065931557035,0.20912164874802427,0.20856122058440096,0.21006812598113328,0.2008936898516179
240.0,0.5,0.08,3.0,8.0,1836,0.20792137986654466,1.0047023682737302,0.6009505855126402,0.23120659022052878,0.207249976103581,0.21230215654326634,0.20968883192029042,0.20779825638336272,0.20999155840970604,0.20049749983906137
240.0,0.5,0.08,4.0,34.0,1836,0.21368458065352525,1.0217554065596366,0.6127958225435609,0.23120659022052878,0.21349636651518647,0.21946640744224305,0.2150241941237728,0.21226244290636356,0.21339641035505694,0.20846166257852866
240.0,0.5,0.08,4.0,17.0,1836,0.21082063420786035,1.0133092676831004,0.6069409829519898,0.23120659022052878,0.21039115403084843,0.21568454927354716,0.2128634904532467,0.20968419858083331,0.21160053614194502,0.20469987676674123
240.0,0.5,0.08,4.0,8.0,1836,0.20805110955917083,1.005096018021051,0.6012317840925896,0.23120659022052878,0.2070786526003334,0.2119345359821775,0.21062646715665295,0.20766909547035273,0.21029545455383192,0.2007024515916766
240.0,0.5,0.15,2.0,17.0,1836,0.20512996686508414,0.9963753716262641,0.595167313647104,0.23120659022052878,0.20366120730730594,0.21041071150751242,0.2054338518758935,0.2072424001669693,0.20855187240666354,0.19547975792616032
240.0,0.5,0.15,2.0,8.0,1836,0.20405575220726654,0.9930455762857304,0.5930028328163953,0.23120659022052878,0.20212803896790665,0.20887322948775536,0.20481389500200092,0.20678101342347444,0.20857692154435825,0.19316141481810378
240.0,0.5,0.15,2.0,34.0,1836,0.20655186619070148,1.0007632840886396,0.5980699429094373,0.23120659022052878,0.2054292657419071,0.21233838768357483,0.20641902019453418,0.208189607141935,0.20909293724851474,0.1978419791337431
240.0,0.5,0.15,3.0,17.0,1836,0.20477566278582351,0.9951472805752754,0.5944501014219015,0.23120659022052878,0.2031899000994118,0.20960446445704234,0.20567197577058619,0.20666086965218536,0.2084468569120128,0.19507990982370255
240.0,0.5,0.15,3.0,8.0,1836,0.20393717199479638,0.9925571720928344,0.5927755597018269,0.23120659022052878,0.20191916451912004,0.2082372093922875,0.2052924283636595,0.2064001084447686,0.2087325657579044,0.19304155549103832
240.0,0.5,0.15,3.0,34.0,1836,0.2061373814150005,0.9993904874288593,0.5972277321129592,0.23120659022052878,0.20486649488301253,0.21155073442647054,0.20654501543263137,0.20758786993233955,0.20889190468493926,0.19738226913060977
240.0,0.5,0.15,4.0,34.0,1836,0.2058621583065305,0.9984664334207128,0.5966789249342496,0.23120659022052878,0.20449705286083186,0.21097452367916483,0.2067179637302592,0.2071710108573931,0.2087543408361262,0.1970580578754078
240.0,0.5,0.15,4.0,17.0,1836,0.20464899941091394,0.9946683243172904,0.5942072500774312,0.23120659022052878,0.2029747925718664,0.20911491565054738,0.20603240664857828,0.20637093954579705,0.20847765649811756,0.1949232855505771
240.0,0.5,0.15,4.0,8.0,1836,0.204133460517879,0.9932327699762191,0.5932099405501433,0.23120659022052878,0.202022114530469,0.20802326769928497,0.20596788075003827,0.20641372336979708,0.2090961761786102,0.19327760057907437
240.0,0.5,0.25,2.0,34.0,1836,0.20414019618716067,0.9933853854687887,0.5932002696406882,0.23120659022052878,0.20179515100579942,0.20972520639258116,0.20450871780834992,0.20728027080450898,0.20877721609259006,0.1927546150191344
240.0,0.5,0.25,2.0,17.0,1836,0.20394916862281626,0.9929179838119935,0.5928701129792043,0.23120659022052878,0.20141084293637995,0.20925819066676526,0.20463002920652504,0.20733867501119613,0.20914785400273778,0.19190941991329352
240.0,0.5,0.25,2.0,8.0,1836,0.20403950979349333,0.9934820832479768,0.5931536309585406,0.23120659022052878,0.20133943269877172,0.20910101032820472,0.20504282687693673,0.2076845781885016,0.20988340563046998,0.19118580503807525
240.0,0.5,0.25,3.0,17.0,1836,0.20377821769600873,0.9922831704626363,0.5925337914662733,0.23120659022052878,0.2011473145916761,0.20876742915235288,0.20488653832004064,0.20700991111597256,0.20917693444467372,0.19168117855133643
240.0,0.5,0.25,3.0,34.0,1836,0.20392587349505603,0.9926105466520614,0.5927640993698128,0.23120659022052878,0.201432712566114,0.20925367076475282,0.20469993003744608,0.20693548431502,0.2087340287677048,0.19249941451929856
240.0,0.5,0.25,3.0,8.0,1836,0.20399606674556275,0.9932980881349263,0.5930958540199499,0.23120659022052878,0.20126247675535358,0.2086726070530593,0.20543780089369176,0.2074522312400171,0.2100538937118069,0.19109739081944796
240.0,0.65,0.08,2.0,34.0,1836,0.21328614526896808,1.0207869948643071,0.6118869731060497,0.23120659022052878,0.2136344089451695,0.2199751505986672,0.21304325408836583,0.2123507054339613,0.21253799729006081,0.20817535525758393
240.0,0.65,0.08,2.0,17.0,1836,0.21014589875961848,1.0115558972362069,0.6054551453594266,0.23120659022052878,0.21030415191483356,0.216085414074252,0.21032529772724673,0.20965042096047115,0.21038371142120582,0.2041263964597016
240.0,0.65,0.08,2.0,8.0,1836,0.20677722435675974,1.001372348470479,0.5984995009639151,0.23120659022052878,0.20648276852646,0.21188034029667183,0.20730978993409876,0.2072081494063374,0.20834122029141156,0.199441077685579
240.0,0.5,0.25,4.0,34.0,1836,0.2038074205115051,0.9921804207650055,0.592537952221322,0.23120659022052878,0.2012348948387699,0.20892619491083136,0.2049027505910467,0.2067245305608556,0.20872497412372776,0.1923311780437992
240.0,0.5,0.25,4.0,17.0,1836,0.2037458207516837,0.9921534023790627,0.5924943526746241,0.23120659022052878,0.20107706747487317,0.20846648113836524,0.20518975198729522,0.206867732050385,0.20926875226734842,0.19160513959183523
240.0,0.5,0.25,4.0,8.0,1836,0.20413771841428147,0.9938639800799699,0.5934345808234713,0.23120659022052878,0.20141051859818102,0.20848976481441744,0.20591419790811988,0.20746232935783512,0.21032274225398437,0.1912267575531509
240.0,0.65,0.08,3.0,17.0,1836,0.20948524450296685,1.0094103364031066,0.6041142062792737,0.23120659022052878,0.2093420532238279,0.2147864274280247,0.21068559089759192,0.20864660412382743,0.20999291500445869,0.20345787634007048
240.0,0.65,0.08,3.0,34.0,1836,0.21247303402454115,1.0182836140207132,0.610247454366372,0.23120659022052878,0.21257837529614146,0.21861362009219598,0.21311310397908226,0.21121666059875643,0.21201216790619098,0.20730427627487985
240.0,0.65,0.08,3.0,8.0,1836,0.206607457562393,1.0006801564779786,0.5981506062104996,0.23120659022052878,0.20593299457829528,0.21103086696653992,0.20817498213765107,0.20672308750232707,0.20838138800130024,0.1994014261882443
240.0,0.65,0.08,4.0,34.0,1836,0.21193223448053475,1.0165912337076277,0.609162397965244,0.23120659022052878,0.21182321517978003,0.21763917378768632,0.21334008796612103,0.21043163045142133,0.21163310433730287,0.20672619516089671
240.0,0.65,0.08,4.0,17.0,1836,0.2092939555627083,1.0087262822444083,0.6037276688805637,0.23120659022052878,0.2088285745179707,0.21411635544389404,0.21136846723159242,0.20822600308957867,0.2098989918358421,0.20332534125737176
240.0,0.65,0.08,4.0,8.0,1836,0.20706648590931906,1.0022541689078752,0.5991092757808903,0.23120659022052878,0.20595207295308993,0.21100759409844347,0.2094967133074152,0.2070088432277131,0.20884159211262343,0.20009209975662925
240.0,0.65,0.15,2.0,17.0,1836,0.2042796777954899,0.9936831840256354,0.5933444049040887,0.23120659022052878,0.2029986239644722,0.20953374574372938,0.20436062321306886,0.20653472999054762,0.20728231765651958,0.19496802620460166
240.0,0.65,0.15,2.0,34.0,1836,0.2055255629336932,0.9975853681835514,0.5958840727639867,0.23120659022052878,0.20460294500326887,0.21130568213777587,0.20517818869274287,0.2072672747876859,0.20768538888776894,0.19711389809291685
240.0,0.65,0.15,2.0,8.0,1836,0.20352344261671726,0.9913285731080387,0.5918432382013658,0.23120659022052878,0.20178841656329377,0.20830099059709933,0.20401331650645824,0.2064359757194338,0.20750179692149953,0.1931001593925189
240.0,0.65,0.15,3.0,34.0,1836,0.20511531471649874,0.9962026437791142,0.5950541784769214,0.23120659022052878,0.20401626388996855,0.21049537742390337,0.20535304057459655,0.20665205176669027,0.2075168875410969,0.1966582671027369
240.0,0.65,0.15,3.0,17.0,1836,0.20401263362235317,0.9927097997996558,0.5928093891195059,0.23120659022052878,0.20257096476179678,0.20879529173730238,0.20471632650174404,0.20604639507421788,0.20725735728492659,0.19468946637413112
240.0,0.65,0.15,3.0,8.0,1836,0.20355278444355468,0.991352715287257,0.5919216265377041,0.23120659022052878,0.20168955430022087,0.20780948207848213,0.20463710182358122,0.20623971699285554,0.2077352170020457,0.19320563446414257
240.0,0.65,0.15,4.0,34.0,1836,0.20488353927181965,0.9953964445623968,0.5945958262227515,0.23120659022052878,0.2036570925937202,0.20993871582170787,0.20560916192748316,0.20627316567182646,0.20743081188529042,0.1963922877308898
240.0,0.65,0.15,4.0,17.0,1836,0.2040259469204119,0.9926914327322569,0.592853622957527,0.23120659022052878,0.20245062991672824,0.20843257554441733,0.20523661274429358,0.20591902855171082,0.20738153107047755,0.1947353036948439
240.0,0.65,0.15,4.0,8.0,1836,0.2039333047082062,0.9927735565149399,0.5927366076282435,0.23120659022052878,0.2019384562321853,0.2077799694777932,0.20548769366769104,0.20650076383983854,0.20816164063691195,0.19373130439481717
240.0,0.65,0.25,2.0,17.0,1836,0.20357669891190827,0.9917017034234611,0.5920531060284112,0.23120659022052878,0.20129884445117155,0.20874526034414678,0.2040278727583757,0.20709176435901272,0.20806416277269627,0.19223228878604665
240.0,0.65,0.25,2.0,34.0,1836,0.20369637721585904,0.9919488269593002,0.5922274162285432,0.23120659022052878,0.20158482674007092,0.20917101292848903,0.20385753681884922,0.2069473316846843,0.20765503064003132,0.19296252448302928
240.0,0.65,0.25,2.0,8.0,1836,0.20373308994598802,0.9924673163125471,0.5924781255337641,0.23120659022052878,0.20132580211898135,0.20863442500233964,0.20445994839478893,0.20751526154885291,0.20877323463151004,0.19168986797945514
240.0,0.65,0.25,3.0,34.0,1836,0.2035012450551066,0.9912374763242595,0.5918397068738794,0.23120659022052878,0.20123951884482227,0.2087021583239832,0.20408198136586628,0.2066118056903446,0.20765306476901885,0.1927189413366047
240.0,0.65,0.25,3.0,17.0,1836,0.20346115717662544,0.9912611343113702,0.5918396054740063,0.23120659022052878,0.2010896664144026,0.2082944703214121,0.2043429273920289,0.20681923109169972,0.20814357428462066,0.19207707355558884
240.0,0.65,0.25,3.0,8.0,1836,0.20376536800034675,0.9925830737975947,0.5925819758555007,0.23120659022052878,0.20133506995815262,0.2082771404549567,0.20490757853009586,0.20737710816837177,0.20897009881282022,0.1917252120776834
240.0,0.65,0.25,4.0,34.0,1836,0.20341538528676378,0.9909203627126058,0.5916860985154853,0.23120659022052878,0.20107069567707422,0.20838684551014533,0.20432705787221625,0.20643415499194967,0.2076837633730667,0.19258979429613043
240.0,0.65,0.25,4.0,17.0,1836,0.20350674239820601,0.9914275510737774,0.5919659461028971,0.23120659022052878,0.2010955226731027,0.20805593476315268,0.20472027739333132,0.20677033523547741,0.20828584573995487,0.19211253858421706
240.0,0.8,0.08,2.0,34.0,1836,0.21169954118137474,1.0161218759513724,0.6085847354441143,0.23120659022052878,0.2122343390729988,0.21844402510348,0.21135481445068557,0.21078190347807615,0.21088561273064252,0.2064965522523654
240.0,0.8,0.08,2.0,17.0,1836,0.20861206754788175,1.0069330135548085,0.6022324471903896,0.23120659022052878,0.2088986567620847,0.21459891016191357,0.2086575708145071,0.20824355204583425,0.2087295136718955,0.2025442018310556
240.0,0.65,0.25,4.0,8.0,1836,0.20399332326631467,0.9935428304254472,0.5930995822580664,0.23120659022052878,0.2015775788427768,0.20817281145196134,0.20544497039350146,0.20751272063616544,0.20924116292284362,0.1920106953506393
240.0,0.8,0.08,2.0,8.0,1836,0.20564315900722085,0.9978220612270616,0.5960760291651651,0.23120659022052878,0.20538171115564088,0.2108205410678686,0.2059622143154789,0.2063560309511518,0.20695395840308092,0.19838449815010414
240.0,0.8,0.08,3.0,34.0,1836,0.21088220197348365,1.0135640477299468,0.606931772530139,0.23120659022052878,0.2110943744823186,0.21704364298254014,0.21152407064588366,0.2096235221390272,0.21035696492833364,0.2056506366627984
240.0,0.8,0.08,3.0,17.0,1836,0.2080923700659546,1.005163408462174,0.6011696260914362,0.23120659022052878,0.207953788498402,0.2134217890504125,0.209243749722888,0.20741482714501963,0.20840694970206966,0.20211311627693584
240.0,0.8,0.08,3.0,8.0,1836,0.20571835689785725,0.9979153761470491,0.5962231350489663,0.23120659022052878,0.2049550719528362,0.2102179211952665,0.20710304334798812,0.20620858594938135,0.20707957398553128,0.1987459449561399
240.0,0.8,0.08,4.0,17.0,1836,0.20814739777604996,1.005255565704555,0.6012806523112004,0.23120659022052878,0.20755310394494592,0.2129938402326401,0.2102410694651882,0.2073159508306716,0.20841779181271225,0.20236263037014188
240.0,0.8,0.08,4.0,34.0,1836,0.21041910067673,1.012066618423055,0.6059964740957788,0.23120659022052878,0.21032271581312464,0.216123962458003,0.21191633232504456,0.20893033584629617,0.2100106512901258,0.20521060632778582
240.0,0.8,0.08,4.0,8.0,1836,0.20648640444990043,1.0006862226599649,0.5978240680736957,0.23120659022052878,0.20517022878160465,0.21050951448026003,0.20876213754765952,0.20692764817696105,0.20762007876197164,0.199928818950946
240.0,0.8,0.15,2.0,17.0,1836,0.2037676228563483,0.9920107191461361,0.5922281300798508,0.23120659022052878,0.20258459501834025,0.2090067799841669,0.2037122759678637,0.20618854847964083,0.2063495119444173,0.19476402574366078
240.0,0.8,0.15,2.0,34.0,1836,0.2047849441310419,0.9952335052618257,0.5942914903162433,0.23120659022052878,0.20398467571611034,0.21056981883237105,0.20432282822916087,0.2066528400579183,0.2065765344808357,0.196602967469855
240.0,0.8,0.15,2.0,8.0,1836,0.20329609935537668,0.9905738946790615,0.5913226070698172,0.23120659022052878,0.2016753724372989,0.20804947138923882,0.20359056943911583,0.20639686525602674,0.206720406207408,0.1933439114031716
240.0,0.8,0.15,3.0,17.0,1836,0.20360888995719406,0.9913759066040599,0.5919147577019772,0.23120659022052878,0.20222157568982818,0.20836161639022466,0.20418754412400147,0.205836339419089,0.2063910661483137,0.1946551979717073
240.0,0.8,0.15,3.0,34.0,1836,0.20441224206184508,0.9939450532909405,0.5935413376123669,0.23120659022052878,0.20339522671689358,0.20977527298958454,0.20457232222156088,0.20607229853273484,0.20645662302309414,0.19620170888720243
240.0,0.8,0.15,3.0,8.0,1836,0.20345461188999778,0.9910735098337722,0.5916634926434746,0.23120659022052878,0.20167707312004562,0.20768982777280715,0.20431829273793484,0.20638833511243845,0.20697338812885724,0.19368075446790334
240.0,0.8,0.15,4.0,34.0,1836,0.20425561086062807,0.9933630340334881,0.5932363258166466,0.23120659022052878,0.20307226185053032,0.20927391040166132,0.204928802649253,0.2057866403549588,0.20642282816464436,0.19604922174272063
240.0,0.8,0.15,4.0,17.0,1836,0.2037745753213911,0.9918971005330273,0.5922710000568436,0.23120659022052878,0.20220935057408168,0.20814278139505943,0.20486090316432712,0.20591663627289442,0.20657371995782547,0.19494406056415836
240.0,0.8,0.15,4.0,8.0,1836,0.20398238799002288,0.9931440255593219,0.5927788730296116,0.23120659022052878,0.20205916506914112,0.20781075769846985,0.20528204526372779,0.20688345559639656,0.2073827092381764,0.19447619507422567
240.0,0.8,0.25,2.0,17.0,1836,0.2034154740397152,0.9911648571239446,0.591679392567371,0.23120659022052878,0.20133217653053134,0.2084864773150584,0.2037058174553234,0.20702275722832497,0.2072492514265608,0.19269636428249226
240.0,0.8,0.25,2.0,8.0,1836,0.20361082222174146,0.9920530263294637,0.5921835270843356,0.23120659022052878,0.2014314717474606,0.20841142856641884,0.20411952370619074,0.20748678763900696,0.20789541563000236,0.19232030604136927
240.0,0.8,0.25,2.0,34.0,1836,0.20346628003794653,0.9911850634644112,0.5917057710527717,0.23120659022052878,0.20152347041221302,0.20885794283385264,0.20350180506266496,0.20680253593634867,0.20682069366515746,0.1932912323174423
240.0,0.8,0.25,3.0,17.0,1836,0.20335775279287052,0.9909346451020917,0.5915880683667024,0.23120659022052878,0.20117742471678213,0.20808110807020705,0.2040683158832685,0.20682625861851686,0.20735533492882588,0.19263807453962253
240.0,0.8,0.25,3.0,34.0,1836,0.20329773519047672,0.9905637760238668,0.5913782277312034,0.23120659022052878,0.20120034223432898,0.20840237655745733,0.20375778111464293,0.20649451175464253,0.2068486319224354,0.1930827675593533
240.0,0.8,0.25,3.0,8.0,1836,0.20369892937837455,0.9924062723163382,0.5924015751057982,0.23120659022052878,0.20150913784027744,0.20811528660132886,0.20459017081818257,0.20743694688165784,0.20807036649188235,0.19247166763691834
240.0,0.8,0.25,4.0,34.0,1836,0.20325815922076837,0.9904116689038586,0.5913241006591805,0.23120659022052878,0.201075603023435,0.2081192804103166,0.20405028277912393,0.20637425389621827,0.2069080137301695,0.19302152148534682
240.0,0.8,0.25,4.0,17.0,1836,0.20347734972275086,0.9913975563296215,0.5918675472013588,0.23120659022052878,0.20126092114773778,0.207908032539386,0.20450360718790864,0.20688198942727545,0.20750574866040014,0.19280379937379724
240.0,0.8,0.25,4.0,8.0,1836,0.2039893566600283,0.9936766597715958,0.5930439721443425,0.23120659022052878,0.201832249595394,0.20807264454501043,0.20514964684267964,0.2076839512129103,0.20829894274278912,0.1928987050213862
360.0,0.5,0.08,2.0,34.0,1836,0.21241739475573,1.0182324618320162,0.6100944166229175,0.23120659022052878,0.2125662008489223,0.21876347228019144,0.2125335020509473,0.21171731307552788,0.21190437769203035,0.20701950258676063
360.0,0.5,0.08,2.0,17.0,1836,0.20933274887818312,1.0091084274717974,0.603764706937455,0.23120659022052878,0.20921579289129455,0.21489261300608908,0.2099066874139981,0.2091174095162284,0.20983518081540167,0.20302880962608677
360.0,0.5,0.08,2.0,8.0,1836,0.20620225884458163,0.9995814235181926,0.5972924503684782,0.23120659022052878,0.20554412599213936,0.21097331876735959,0.2071368066522782,0.20689845556463923,0.208033239975764,0.19862760611530939
360.0,0.5,0.08,3.0,17.0,1836,0.20869687681138344,1.0070303590528982,0.6024713330080833,0.23120659022052878,0.2082716484955884,0.2136224520080349,0.21027789490601703,0.2081537572176618,0.20945148063853927,0.20240402760245918
360.0,0.5,0.08,3.0,34.0,1836,0.21161495217700285,1.0157554603193957,0.6084756179258322,0.23120659022052878,0.211508852440567,0.21740750891591598,0.21261656888262612,0.21060799266312785,0.2113846042769088,0.20616418588287128
360.0,0.5,0.08,3.0,8.0,1836,0.20604589618299401,0.9989249669740939,0.596965344720148,0.23120659022052878,0.20502013513334905,0.2101492718978505,0.20797661611962368,0.2064396516512977,0.20805408244859466,0.19863561984724837
360.0,0.5,0.08,4.0,34.0,1836,0.211089563049842,1.0141015381640448,0.6074199407337177,0.23120659022052878,0.2107558648333124,0.21644583712573798,0.2128618081820054,0.20985135462760462,0.2110090566370007,0.20561345689339097
360.0,0.5,0.08,4.0,17.0,1836,0.20853008390017502,1.0064120076239311,0.6021316703539763,0.23120659022052878,0.2077790751040985,0.21298028193336402,0.21097176291860945,0.20777174954062239,0.2093533205023072,0.20232431340204857
360.0,0.5,0.08,4.0,8.0,1836,0.2065060931479856,1.0004809663259486,0.5979196859101442,0.23120659022052878,0.2050572852141261,0.2101311115663247,0.20926891429767291,0.20673708969194055,0.20847425346987408,0.19936790464797532
360.0,0.5,0.15,2.0,17.0,1836,0.20408893725918148,0.9930765843894063,0.5929323855548972,0.23120659022052878,0.20245691994170176,0.20915610921572775,0.20451584808302412,0.2064632735347704,0.20729114212318675,0.19465033065667817
360.0,0.5,0.15,2.0,34.0,1836,0.20520413413983038,0.9965606068198073,0.5952017318528758,0.23120659022052878,0.20395888926247296,0.2107518799216506,0.2052369083944702,0.2070910641366833,0.20757039823411894,0.1966156648895863
360.0,0.5,0.15,2.0,8.0,1836,0.20345728570609242,0.9911451210095015,0.5916852720227784,0.23120659022052878,0.20138912384019536,0.2081167020403002,0.20421734771059014,0.20643356756032208,0.20759579523206995,0.19299117785307687
360.0,0.5,0.15,3.0,17.0,1836,0.20382931376446065,0.992132922496173,0.5924093134922755,0.23120659022052878,0.20203996489966797,0.20843163105093476,0.20486048099587387,0.2059888124687219,0.20725889284319823,0.19439610032836718
360.0,0.5,0.15,3.0,34.0,1836,0.20480761186772933,0.9952237083683727,0.5943989328235011,0.23120659022052878,0.2033819123527263,0.20995918391796092,0.2054172962601639,0.20649662715936204,0.2074110467305753,0.19617960478558744
360.0,0.5,0.15,3.0,8.0,1836,0.20347173441593966,0.9911214023301995,0.5917277847324027,0.23120659022052878,0.2012844667096794,0.2076237957470317,0.20480311915125887,0.2062239699152833,0.20778955622894763,0.19310549874343708
360.0,0.5,0.15,4.0,17.0,1836,0.20384278015858098,0.9921182185602152,0.592450790125615,0.23120659022052878,0.20192428467335063,0.20807659597854702,0.20536405795944032,0.20587055311941468,0.20736197950006885,0.19445920972066427
360.0,0.5,0.15,4.0,34.0,1836,0.20458849391342018,0.9944601294167189,0.5939651400208105,0.23120659022052878,0.20303374712806266,0.20941987818164556,0.20567400027193564,0.2061391609729157,0.20732766740820324,0.19593650951775812
360.0,0.5,0.15,4.0,8.0,1836,0.2038274337158105,0.9924421278169298,0.5924859250738128,0.23120659022052878,0.20152666133439132,0.20757768945720168,0.20560447713060162,0.20646276406669245,0.20816114008164022,0.1936318702243358
360.0,0.5,0.25,2.0,34.0,1836,0.20364898107731377,0.9918187950319397,0.5920983690494045,0.23120659022052878,0.20126696164649652,0.2090075753980871,0.204060662320493,0.20692295660354623,0.20773567513112037,0.19290005536413948
360.0,0.5,0.25,2.0,17.0,1836,0.20355763759792414,0.9916763445994534,0.5919766886334866,0.23120659022052878,0.20101622948167638,0.20863789931855486,0.2042155286224999,0.20708118782799242,0.20815123315118592,0.1922437471856354
360.0,0.5,0.25,2.0,8.0,1836,0.20371689896828313,0.9924506353413722,0.5923959491338092,0.23120659022052878,0.2010771423496001,0.2085594830870045,0.20458780767149423,0.2074901347989483,0.20882177491790688,0.19176505098474472
360.0,0.5,0.25,3.0,17.0,1836,0.20343893576920494,0.991228112632655,0.5917536348653062,0.23120659022052878,0.20080375732209277,0.20819060394800354,0.20451747289729283,0.2068068609751741,0.2082158014530501,0.19209911801961624
360.0,0.5,0.25,3.0,34.0,1836,0.20345737616988505,0.9911224159453532,0.5917155065023332,0.23120659022052878,0.20092509470171172,0.2085472596909009,0.20428123296067474,0.20659430789617048,0.20772819774430556,0.19266816402554673
360.0,0.5,0.25,3.0,8.0,1836,0.2037332261362902,0.9925079882771065,0.5924633003456823,0.23120659022052878,0.20107669889937077,0.20819596012647204,0.20500622092277077,0.20733560758243366,0.2089842586438902,0.1918006106428036
360.0,0.5,0.25,4.0,34.0,1836,0.20337316104729863,0.9908150922640296,0.591564187955173,0.23120659022052878,0.20075624960809624,0.20823707852290405,0.20452171044605652,0.20642282232668566,0.20775117916500427,0.19254992621504502
360.0,0.5,0.25,4.0,17.0,1836,0.2034752997712285,0.9913626483210277,0.5918581183357,0.23120659022052878,0.20080314120189507,0.2079523160452296,0.20487455284798636,0.20674976718524044,0.20833248407652696,0.19213953727049263
360.0,0.5,0.25,4.0,8.0,1836,0.20393942214756583,0.9933767185190026,0.5929326885202743,0.23120659022052878,0.20130834946626183,0.2080781097798752,0.2055073396597476,0.20744531381693215,0.2092155219497885,0.1920818982127897
360.0,0.65,0.08,2.0,17.0,1836,0.2074215551674607,1.003280533841379,0.5997226809851773,0.23120659022052878,0.20739424733636944,0.21302255676794132,0.20787141321451535,0.20739858254125795,0.2077338673072831,0.20110866383739692
360.0,0.65,0.08,2.0,34.0,1836,0.21034458717499782,1.012084636379474,0.6057580894363149,0.23120659022052878,0.2106903669785069,0.21673620848381617,0.21038381635299183,0.20969289676547495,0.20971693725865956,0.20484729721053746
360.0,0.65,0.08,2.0,8.0,1836,0.20487686786999715,0.9953750511377958,0.5944335709456938,0.23120659022052878,0.20418302433832017,0.20973219764549506,0.2055684130745228,0.20594334349875532,0.20634354282735742,0.19749068583553198
360.0,0.65,0.08,3.0,17.0,1836,0.20699928825221475,1.0017847904475325,0.59885370801912,0.23120659022052878,0.20649271472504313,0.21193863101560265,0.2085593704756753,0.20671025338389667,0.20744738184387052,0.20084737806920047
360.0,0.65,0.08,3.0,34.0,1836,0.20956531738941475,1.0096138164613957,0.6041793428879154,0.23120659022052878,0.2095366286272835,0.2153554098524965,0.21062669717601198,0.20859321454611,0.2092118093140569,0.2040681448205297
360.0,0.65,0.08,3.0,8.0,1836,0.20504371108841876,0.9957664002784273,0.5947622978965353,0.23120659022052878,0.2038270888424342,0.20922924969774456,0.20675775303992225,0.20594377133686914,0.20645693023371225,0.19804747337983014
360.0,0.65,0.08,4.0,34.0,1836,0.20917509374714527,1.0083131168239832,0.6033881338094188,0.23120659022052878,0.20878517507993172,0.2144957822439087,0.21112059558980648,0.20800535224756495,0.2088902670072914,0.2037533903143682
360.0,0.65,0.08,4.0,17.0,1836,0.20717848661695898,1.0022698213477,0.5992161008821514,0.23120659022052878,0.20617032906827826,0.2116325146914472,0.20967879839831552,0.20679180833785082,0.20747583816442278,0.20132163104143924
360.0,0.65,0.08,4.0,8.0,1836,0.20590213357394793,0.998883139740646,0.5965458919533142,0.23120659022052878,0.20412903231870347,0.20961869433326746,0.20846479510855417,0.2068184097091408,0.20694363145411893,0.19943823851990267
360.0,0.65,0.15,2.0,17.0,1836,0.2034995461325862,0.9911215386072224,0.591625796806301,0.23120659022052878,0.2019358816221265,0.20851785464528935,0.20377700064380627,0.20607990780662222,0.20614659782094236,0.19454003425673042
360.0,0.65,0.15,2.0,34.0,1836,0.20431865896737175,0.9937156940499045,0.5932788122032441,0.23120659022052878,0.20316441283047001,0.20984631330722103,0.20424712924240968,0.20636216779828706,0.20620554509435643,0.19608638553148627
360.0,0.65,0.15,2.0,8.0,1836,0.20320082698349273,0.9902676193089363,0.5910756701148463,0.23120659022052878,0.2012359688623552,0.20780564369812385,0.20372009291199356,0.20640700323057834,0.20660417480567933,0.19343207839222612
360.0,0.65,0.15,3.0,17.0,1836,0.20338461676449254,0.9906360076912258,0.5913996875763321,0.23120659022052878,0.20160598918938025,0.20792358930472765,0.20427477913772346,0.20579438389566262,0.20618404173666133,0.19452491732279995
360.0,0.65,0.15,3.0,34.0,1836,0.20398099149487253,0.9925326258936529,0.592599338840262,0.23120659022052878,0.20259349796724224,0.2090810201935828,0.20452724144087975,0.20583188163159016,0.20610834537743808,0.19574396235850225
360.0,0.65,0.15,3.0,8.0,1836,0.20337675431685637,0.990842885366939,0.5914458850583523,0.23120659022052878,0.20126525882905538,0.20748138431980462,0.2044233661627116,0.2064402922924867,0.20679883372290442,0.1938513905741754
360.0,0.65,0.15,4.0,34.0,1836,0.2038704379609642,0.9920977933973572,0.5923870976229211,0.23120659022052878,0.20229699372135926,0.20862485917967455,0.20492347356424198,0.2056136160149453,0.2060892501306352,0.19567443515492894
360.0,0.65,0.15,4.0,17.0,1836,0.20359551670973616,0.9913242306547098,0.5918436491147899,0.23120659022052878,0.20163423935402774,0.2077567068854171,0.20496825763834475,0.20594899558641547,0.20634348716012318,0.19492141363408894
360.0,0.65,0.15,4.0,8.0,1836,0.2039119824361644,0.9929633853574379,0.5925685893770406,0.23120659022052878,0.2016754402897781,0.20762712681381212,0.20535039728228618,0.20697251180864887,0.20712168740996287,0.1947247310124982
360.0,0.65,0.25,2.0,17.0,1836,0.20335987580068496,0.9909879726451554,0.5915018268293205,0.23120659022052878,0.20102237954517682,0.2082905948949264,0.2038226806916996,0.20699277095743662,0.2071003493003771,0.19293047941449323
360.0,0.65,0.25,2.0,8.0,1836,0.2035560573345258,0.9918742933749264,0.5919959748601981,0.23120659022052878,0.20117023949560917,0.20825688478071935,0.20416232226804842,0.2074300649388536,0.20766818963468195,0.19264864288924224
360.0,0.65,0.25,2.0,34.0,1836,0.20337282290556008,0.9908774173973796,0.5914562004634667,0.23120659022052878,0.20115864887855214,0.20859943671124262,0.2036402714506142,0.2067462393216389,0.20668083259981096,0.1934115084715015
360.0,0.65,0.25,3.0,17.0,1836,0.20331479500708727,0.9908100167995909,0.591434239727206,0.23120659022052878,0.20088503391080811,0.2079068560629557,0.20418378328917539,0.20681365062230672,0.20718309823790487,0.19291634791937268
360.0,0.65,0.25,3.0,34.0,1836,0.2032181585926281,0.990307131266857,0.5911561568872234,0.23120659022052878,0.2008476599133325,0.20815712065731734,0.20390538415472728,0.20645756107490795,0.2067064562793709,0.1932347694761125
360.0,0.65,0.25,3.0,8.0,1836,0.20364050399228076,0.9922223653378129,0.5922017574746875,0.23120659022052878,0.20125815659195986,0.2079667747369282,0.20460392454777168,0.20738198069746488,0.20779596948110127,0.19283621789845865
360.0,0.65,0.25,4.0,34.0,1836,0.20319386129989747,0.9902122513665326,0.5911317833665645,0.23120659022052878,0.20073395605120722,0.2078909628610191,0.2042053030902532,0.20636378781825804,0.20675754227479223,0.19321161570385492
360.0,0.65,0.25,4.0,17.0,1836,0.20344390370870838,0.9913184637557192,0.5917297516361126,0.23120659022052878,0.20098355996820294,0.20775082938030714,0.2046088421140247,0.20689314446351798,0.20729996902536776,0.19312707730082965
360.0,0.65,0.25,4.0,8.0,1836,0.203921547561229,0.993469025419079,0.5928196527157885,0.23120659022052878,0.20158855758097544,0.2079295542143621,0.20512542765534958,0.20763236955320738,0.20795800450443921,0.19329537185904008
360.0,0.8,0.08,2.0,34.0,1836,0.20856461333302653,1.0066841943585478,0.6019970549597577,0.23120659022052878,0.20901626701782192,0.215026882139015,0.20863606287902228,0.2080356491436067,0.20780268444442054,0.20287013437427276
360.0,0.8,0.08,2.0,17.0,1836,0.20602801437821505,0.9988801925879339,0.5967296451876022,0.23120659022052878,0.20593053086795216,0.2116755792700626,0.2064583283859442,0.20630825295020594,0.20612148624288124,0.19967390855224418
360.0,0.8,0.08,2.0,8.0,1836,0.20416977406913847,0.9930035941693321,0.5928569147492534,0.23120659022052878,0.20328497215768737,0.20907419163654384,0.20474283717546357,0.20566152188355155,0.20525654090873577,0.19699858065284861
360.0,0.8,0.08,3.0,34.0,1836,0.20791263896616524,1.004520562656331,0.600668403115387,0.23120659022052878,0.20782941492726714,0.21372504899197378,0.20911670231338206,0.20711038128228795,0.20736599851162063,0.20232828777045989
360.0,0.8,0.08,3.0,17.0,1836,0.20589179836585286,0.9982369107482058,0.5964384318941947,0.23120659022052878,0.20513178156363443,0.2108464444191849,0.2074894586811787,0.20603531902583497,0.20593794566091045,0.19990984084437355
360.0,0.8,0.08,3.0,8.0,1836,0.20463433309925422,0.9944464426825632,0.5937957542116761,0.23120659022052878,0.2031066099043511,0.20886963300122435,0.20620233455935003,0.20613113364133134,0.20538678451714926,0.19810950297211916
360.0,0.8,0.08,4.0,17.0,1836,0.20645208199484455,1.0000567703647625,0.5975881727558986,0.23120659022052878,0.20501808299812332,0.21090475524225485,0.2090310536057695,0.20667589541964965,0.20605505595217072,0.20102764875109938
360.0,0.8,0.08,4.0,34.0,1836,0.20776197283985687,1.0039131421300043,0.6003574279741808,0.23120659022052878,0.2071466119924495,0.21307369643444055,0.2099381433562798,0.2068638202714819,0.20713226725614767,0.20241729772834188
360.0,0.8,0.08,4.0,8.0,1836,0.2058153191085308,0.9989886263058794,0.5962593547013316,0.23120659022052878,0.2036499827518186,0.2095888881979884,0.20819967338248052,0.20753770627756246,0.20581546734538406,0.20010019669595064
360.0,0.8,0.15,2.0,34.0,1836,0.20384115084494758,0.9920866195846922,0.5922059754464626,0.23120659022052878,0.20265018075501953,0.20933297326542122,0.2038065022327257,0.20602360800036298,0.2053268606934111,0.1959067801227449
360.0,0.8,0.15,2.0,17.0,1836,0.20331366310150165,0.9904200423997522,0.5911612901738005,0.23120659022052878,0.2017037967675695,0.20828520688965105,0.20356291327415812,0.20605995728150306,0.2054480742182171,0.1948220301779111
360.0,0.8,0.15,2.0,8.0,1836,0.2032401434236183,0.9903363904844288,0.5910810659841435,0.23120659022052878,0.20129145787114533,0.2078146611906371,0.20364057312828832,0.2065787181004142,0.20595355781530578,0.19416189243591894
360.0,0.8,0.15,3.0,17.0,1836,0.20334884884540372,0.9904464051128326,0.5912395256646439,0.23120659022052878,0.2014714253487028,0.2078332756482952,0.20419005493534143,0.20599823579278015,0.2055069276278176,0.1950931737194853
360.0,0.8,0.15,3.0,34.0,1836,0.20359893844027885,0.991185815689485,0.5917218221391773,0.23120659022052878,0.20210960418446156,0.20863850883660018,0.20420473147148574,0.20562523882467512,0.20528030819508308,0.19573523912936727
360.0,0.8,0.15,3.0,8.0,1836,0.20353947966931893,0.9914090094110369,0.5916965355934075,0.23120659022052878,0.20144076658680865,0.20763274057183045,0.20439786667715606,0.20682593253404946,0.20608427995140496,0.19485529169466395
360.0,0.8,0.15,4.0,17.0,1836,0.20374502879639544,0.9918599703279353,0.5920600583431745,0.23120659022052878,0.2016455425112972,0.20784902804033195,0.2050346946847757,0.20644531726436832,0.20564906675841407,0.19584652351918544
360.0,0.8,0.15,4.0,34.0,1836,0.2036315810094957,0.9912173089125232,0.5917994458437674,0.23120659022052878,0.20189719470035578,0.20830533672966844,0.20475187703908354,0.20561271108393547,0.20530079856848024,0.19592156793545068
360.0,0.8,0.15,4.0,8.0,1836,0.2042005596811381,0.9941664991095834,0.5930703702055673,0.23120659022052878,0.2019905475738956,0.20792765645137642,0.20537469933330516,0.20760165261995753,0.20628490231365226,0.19602389979464171
360.0,0.8,0.25,2.0,17.0,1836,0.2033865094190346,0.9910161885989365,0.5914899198300286,0.23120659022052878,0.20116835914238054,0.20823782657110176,0.20378066569153558,0.20701364908124206,0.20637302675112898,0.19374552927681868
360.0,0.8,0.25,2.0,34.0,1836,0.20333931449676265,0.9907017900608099,0.5913211651592095,0.23120659022052878,0.201205846455206,0.2084822760864027,0.2035904090870309,0.20671428262630742,0.20599308751985287,0.1940499852057759
360.0,0.8,0.25,2.0,8.0,1836,0.20358610113994066,0.9919075058027622,0.5919835849224507,0.23120659022052878,0.20136952959934565,0.20822972792893849,0.20406619652142544,0.2074331494016379,0.20681259729349935,0.19360540609479734
360.0,0.8,0.25,3.0,17.0,1836,0.2034060675846151,0.9910904382218992,0.5915538116635701,0.23120659022052878,0.20110065092121196,0.20791445456769458,0.20417666360748835,0.2069426523876504,0.20643070520077372,0.19387127882287164
360.0,0.8,0.25,3.0,34.0,1836,0.20323259947491876,0.9902997685239279,0.5911222142470546,0.23120659022052878,0.20093542059954625,0.20807036036407187,0.20389866462684783,0.20649690248638783,0.20602614212008794,0.19396810665257103
360.0,0.8,0.25,3.0,8.0,1836,0.20371951337310476,0.9924845374989599,0.5922864596383717,0.23120659022052878,0.2015279493306541,0.20800686955147235,0.20450859096965412,0.2074744372615671,0.20687741729697753,0.19392181582830328
360.0,0.8,0.25,4.0,34.0,1836,0.2032752502028659,0.9904549873862937,0.5912349285930909,0.23120659022052878,0.2008849732996659,0.2078559909174059,0.20425401705202165,0.20650516687672146,0.2060750333747707,0.19407631969660996
360.0,0.8,0.25,4.0,17.0,1836,0.20361697185831387,0.9919511628689042,0.5920131841861703,0.23120659022052878,0.2012899772919471,0.20783921117227655,0.2046475431302117,0.2071564751592812,0.20650983998310424,0.1942587844130625
360.0,0.8,0.25,4.0,8.0,1836,0.20404975999777855,0.9940141065697471,0.5929984488421297,0.23120659022052878,0.20193471367321192,0.2080379549872745,0.20502559253411226,0.2078317538751269,0.20695780640985617,0.1945107385070894
480.0,0.5,0.08,2.0,34.0,1836,0.21096613816736307,1.0139354043929578,0.6070701783031005,0.23120659022052878,0.21110495174627114,0.21713453131240315,0.211228976293113,0.2103983109915799,0.21052963868627314,0.2054004199745381
480.0,0.5,0.08,2.0,17.0,1836,0.20799235395255325,1.0050359244645874,0.6009440165817149,0.23120659022052878,0.20777873858885684,0.21337390656134927,0.20870122109809608,0.20798331220107033,0.2085508059425435,0.20156613932340356
480.0,0.5,0.08,2.0,8.0,1836,0.20526247348059232,0.9966224948041381,0.5952820394173993,0.23120659022052878,0.2044116170704538,0.2099232530605196,0.20626044767151328,0.20622767450867777,0.20706354643077654,0.19768830214161295
480.0,0.5,0.08,3.0,17.0,1836,0.20746542294186537,1.0032514797483765,0.5998661445083279,0.23120659022052878,0.20686065127182518,0.21220384312639387,0.20922681031188828,0.2071567398264155,0.20821794821761644,0.2011265448970532
480.0,0.5,0.08,3.0,34.0,1836,0.21017419762781894,1.0114578418080806,0.6054693473182837,0.23120659022052878,0.20999929444206336,0.21576298411777048,0.21139226707522238,0.2092938694339983,0.21001837871222637,0.2045783919856327
480.0,0.5,0.08,3.0,8.0,1836,0.20526829446212572,0.9964807047987987,0.5952807951699625,0.23120659022052878,0.20397821496637883,0.2092686799169451,0.2072633497269305,0.20599454189761318,0.20712393800117318,0.19798104226371363
480.0,0.5,0.08,4.0,17.0,1836,0.20747436198987512,1.003175334236493,0.5998795908937898,0.23120659022052878,0.20645920483633012,0.2117350589235466,0.21013215568464716,0.20700425510498593,0.2081815444394966,0.2013339529502442
480.0,0.5,0.08,4.0,34.0,1836,0.20971476289313976,1.0099720566187151,0.6045423209936157,0.23120659022052878,0.20924485958023106,0.21485235694207466,0.21176094006359997,0.20861806447247302,0.20966990029852847,0.20414245600193137
480.0,0.5,0.08,4.0,8.0,1836,0.2059261371215039,0.9987818835213176,0.5966412274645411,0.23120659022052878,0.2041532293906161,0.20945665599187496,0.20875102299636258,0.20657496238194603,0.20756649714558653,0.19905445482263728
480.0,0.5,0.15,2.0,17.0,1836,0.2036859045970859,0.9917641161178129,0.5920450286770075,0.23120659022052878,0.20192527320821935,0.2086376491000036,0.20419005794445788,0.20619402922543167,0.20672287116306653,0.19444554694133637
480.0,0.5,0.15,2.0,34.0,1836,0.20460232740559525,0.9946408708085585,0.5939025239196932,0.23120659022052878,0.20324584503519638,0.21002477574638126,0.20475483036248815,0.20661346685624626,0.20684328036101204,0.1961317660722474
480.0,0.5,0.15,2.0,8.0,1836,0.20327394544598887,0.9905465667012027,0.59125320174419,0.23120659022052878,0.20110480098763203,0.2078492488724332,0.2040260921987933,0.20637433497903893,0.20713858624853013,0.1931506093895055
480.0,0.5,0.15,3.0,17.0,1836,0.2034969114054721,0.9910433366752872,0.5916656452588686,0.23120659022052878,0.20154954222850457,0.2079815778827949,0.2046039898927381,0.20581032104855826,0.20672423363902345,0.19431180374121343
480.0,0.5,0.15,3.0,34.0,1836,0.20423701893076135,0.9933890591580695,0.5931648111579921,0.23120659022052878,0.20267517219633838,0.2092490221650555,0.20498364265748625,0.20605483853870063,0.2067155141416753,0.19574392388531173
480.0,0.5,0.15,3.0,8.0,1836,0.20336176401213277,0.9907935040301683,0.5914436490965069,0.23120659022052878,0.2010630727009387,0.20743744992849034,0.20465809796509316,0.20627449927727617,0.20731938493431823,0.19341807926667995
480.0,0.5,0.15,4.0,34.0,1836,0.20407023452421888,0.9927820110367339,0.5928365505295576,0.23120659022052878,0.20235301900643016,0.20875401850143535,0.2053047280286033,0.2057642462596339,0.20666070802681777,0.19558468732239284
480.0,0.5,0.15,4.0,17.0,1836,0.20360549951999202,0.9913603217450769,0.5918994754641362,0.23120659022052878,0.2015057185674264,0.20772236810725717,0.20519405497653787,0.2058195302461619,0.20684932605286846,0.1945419991697002
480.0,0.5,0.15,4.0,8.0,1836,0.2037954169267647,0.9924577845077974,0.5923571248982259,0.23120659022052878,0.20138194997091402,0.2074806373189507,0.20550353199283386,0.20664301115708267,0.20764989861144872,0.19411347250935812
480.0,0.5,0.25,2.0,17.0,1836,0.20342959643548453,0.9912555011111271,0.5916583722677788,0.23120659022052878,0.20086764691542391,0.20838168165432838,0.2040754892176765,0.20700384525135257,0.20765645599864974,0.19259245957547602
480.0,0.5,0.25,2.0,8.0,1836,0.2036089613186645,0.9920884078825436,0.5921138856771905,0.23120659022052878,0.20099108514297298,0.20833762794149283,0.2044043839615752,0.2074243683514228,0.20825651762166586,0.19223978489285734
480.0,0.5,0.25,2.0,34.0,1836,0.2034719537595745,0.9912369741872165,0.5916792724103077,0.23120659022052878,0.2010449849255672,0.20870131488433108,0.20391748723737801,0.20679613789184476,0.20723645647448055,0.19313534114384545
480.0,0.5,0.25,3.0,34.0,1836,0.20329826816152824,0.9906047134358483,0.5913366622888033,0.23120659022052878,0.20071734306125463,0.2082499172369953,0.20415660774763755,0.20648860093457225,0.20724611312536062,0.19293102686334906
480.0,0.5,0.25,3.0,17.0,1836,0.20334389346154372,0.9909301320892085,0.5915048130386987,0.23120659022052878,0.20068913674306468,0.20796581596167327,0.20439973816861054,0.20676958152474215,0.20772597772932286,0.19251311064184873
480.0,0.5,0.25,3.0,8.0,1836,0.2036527156454524,0.9922663550217364,0.5922365555644744,0.23120659022052878,0.20102762068434804,0.2080095737497127,0.20482443077720808,0.2073104602807687,0.2083908371063811,0.1923533712742958
480.0,0.5,0.25,4.0,34.0,1836,0.20324111629228103,0.9903927606785641,0.5912416357174834,0.23120659022052878,0.20057351113853192,0.2079591440557016,0.20442439113903885,0.20634893151164507,0.2072811050390017,0.19285961486976705
480.0,0.5,0.25,4.0,17.0,1836,0.20342188828759403,0.9912303980130872,0.5916947540882027,0.23120659022052878,0.2007337659360911,0.20776812829378738,0.20478315115457413,0.2067733338161957,0.20783580241112085,0.19263714811379493
480.0,0.5,0.25,4.0,8.0,1836,0.20388666597313304,0.9932785389328137,0.5927584759161754,0.23120659022052878,0.20130259938751102,0.20792276631784637,0.20532080329365526,0.2074788858330731,0.20857307742839745,0.192721863578315
480.0,0.65,0.08,2.0,17.0,1836,0.20617418472066995,0.9993629060216014,0.5970560924068082,0.23120659022052878,0.205925730853582,0.2116020858096038,0.206830045897737,0.20645714082787694,0.20647952602710185,0.19975057890811818
480.0,0.65,0.08,2.0,34.0,1836,0.20877492594447047,1.0073319925629203,0.602450753592526,0.23120659022052878,0.2090580582436616,0.21500177079302424,0.2090458620137132,0.2083128855119814,0.20818217058424535,0.20304880852019705
480.0,0.65,0.08,2.0,8.0,1836,0.20420683141407983,0.9931593701743631,0.5929575400450713,0.23120659022052878,0.20317834850242666,0.2089413449059179,0.2050184515630618,0.2056321688149766,0.2055603363761656,0.19691033832193044
480.0,0.65,0.08,3.0,34.0,1836,0.20809034524348832,1.0050910475909658,0.6010584230445851,0.23120659022052878,0.20788852791905185,0.21368416171198273,0.2094577600841071,0.20734316218226148,0.20773060727598,0.20243785228754677
480.0,0.65,0.08,3.0,17.0,1836,0.20595427144334755,0.9984635314253146,0.5965945183797092,0.23120659022052878,0.20510479686887031,0.21070492436469515,0.20774922979094246,0.2060600190254502,0.20626417501968636,0.1998424835904408
480.0,0.65,0.08,3.0,8.0,1836,0.20457233294244642,0.9942425713913993,0.59369014457995,0.23120659022052878,0.20294996974103907,0.20864350504842452,0.20636993402379306,0.20594827598499227,0.2056675184050485,0.19785479445138107
480.0,0.65,0.08,4.0,17.0,1836,0.20639889626716854,0.9998559616448268,0.5975026982866699,0.23120659022052878,0.20493175126358434,0.2106549862103865,0.20915431625174372,0.20652876078916496,0.20634933903910457,0.20077422404902717
480.0,0.65,0.08,4.0,34.0,1836,0.20787140004491628,1.0042787332435592,0.6006101486354993,0.23120659022052878,0.20719012749010807,0.21297192564831735,0.21018457454455855,0.20699455753249985,0.20747508250043378,0.20241213255358
480.0,0.65,0.08,4.0,8.0,1836,0.2056382902241991,0.9982575381881371,0.5959067169244449,0.23120659022052878,0.20341605855958783,0.20924667345709805,0.20824828437497894,0.2071731880009199,0.2060899574048848,0.19965557954772503
480.0,0.65,0.15,2.0,34.0,1836,0.20388339317718532,0.9922496834289212,0.5923075099709166,0.23120659022052878,0.20251789562349862,0.20925863581332652,0.20402477400178182,0.20606086954310657,0.20562066740363205,0.19581751667776634
480.0,0.65,0.15,2.0,17.0,1836,0.20330622579106003,0.9904297289501351,0.5911583289432916,0.23120659022052878,0.20152077943399344,0.20819351841634193,0.20372794208509873,0.20602390840101326,0.20572111809993066,0.1946500883099822
480.0,0.65,0.15,2.0,8.0,1836,0.2031919220519486,0.9902045282571464,0.5909888521740834,0.23120659022052878,0.20106381061626885,0.20770723222139637,0.2037541202163281,0.20649289593239878,0.2062218618214286,0.19391161150387082
480.0,0.65,0.15,3.0,17.0,1836,0.20328876167374774,0.990275621439849,0.5911281279696038,0.23120659022052878,0.20125556214141088,0.2076970109726559,0.20430284308242466,0.20588363540748142,0.20576222323569368,0.19483129520282017
480.0,0.65,0.15,3.0,34.0,1836,0.20361421830103568,0.9912721654106865,0.5917682338571283,0.23120659022052878,0.20197321602486443,0.20855125424213883,0.20438338245096474,0.20562406460500288,0.20555837942398397,0.19559501305925928
480.0,0.65,0.15,3.0,8.0,1836,0.20343881377942138,0.9910683584439863,0.5914975094417647,0.23120659022052878,0.20116711508473847,0.2074748491620784,0.20447459214807479,0.20665249476328104,0.20635028349706092,0.19451354802129475
480.0,0.65,0.15,4.0,34.0,1836,0.20360053100182793,0.9911508380072799,0.5917513854774662,0.23120659022052878,0.2017346033172202,0.2081805080510604,0.2048785828587594,0.2055452957087012,0.20556197248544641,0.1957022235897798
480.0,0.65,0.15,4.0,17.0,1836,0.2036167711133122,0.9914163199074141,0.5918075108780327,0.23120659022052878,0.2013789942527032,0.2076485824321534,0.20508367196915345,0.20622739824762723,0.20589448468760396,0.19546749509063194
480.0,0.65,0.15,4.0,8.0,1836,0.2040393000385197,0.9935307858191148,0.5927456037813763,0.23120659022052878,0.20166114651081268,0.20770455494698375,0.20540765402324018,0.20732592891610307,0.2065609366305517,0.19557557920342672
480.0,0.65,0.25,2.0,17.0,1836,0.20335529403660912,0.9909384471712581,0.5914234343527008,0.23120659022052878,0.2009498997749951,0.20817293467599496,0.2038705423729563,0.2069755500576738,0.2066509504796962,0.19351188685833837
480.0,0.65,0.25,2.0,34.0,1836,0.20332334592984314,0.9906745736349766,0.5912886866295427,0.23120659022052878,0.20100767672984665,0.20841869704087188,0.203700079786453,0.2066947327510961,0.2062692836587063,0.19384960561208484
480.0,0.65,0.25,2.0,8.0,1836,0.2035493816203694,0.9918107995894057,0.591903058541591,0.23120659022052878,0.20114637070700575,0.20816518570817955,0.2041436544716047,0.20738949095198456,0.2071061302930189,0.19334545759042304
480.0,0.65,0.25,3.0,17.0,1836,0.2033473576676502,0.9909075721614596,0.591429753688115,0.23120659022052878,0.20085558300537543,0.20782920992662585,0.204246313628333,0.20685869136173426,0.20670403716499872,0.19359031091883397
480.0,0.65,0.25,3.0,34.0,1836,0.20320036743885364,0.990218137781987,0.5910552401623758,0.23120659022052878,0.20072360704777223,0.2080008439278884,0.20399155630089583,0.20645263470539243,0.20629350711611044,0.19374005553506263
480.0,0.65,0.25,3.0,8.0,1836,0.20365873468174886,0.9922803839487708,0.5921564485128743,0.23120659022052878,0.20127661853558945,0.20791760689048136,0.20457612290089028,0.2073879359044651,0.2071745475830601,0.1936195762760068
480.0,0.65,0.25,4.0,34.0,1836,0.20321566692674203,0.9902708785215686,0.5911101624653745,0.23120659022052878,0.2006466642157578,0.20776632609365797,0.2043214216951244,0.20642021949363198,0.2063366104642813,0.19380275959799878
480.0,0.65,0.25,4.0,17.0,1836,0.20352314000420685,0.991617952204786,0.5918169496318852,0.23120659022052878,0.2010066988917548,0.20772149548973795,0.2046924481772259,0.20701462563992992,0.20678670390082998,0.19391686792576251
480.0,0.65,0.25,4.0,8.0,1836,0.20395772206680907,0.9936505496533378,0.5928043105629829,0.23120659022052878,0.2016470951548746,0.2079166605673035,0.2050768777313741,0.207688145301071,0.20726116812748221,0.19415638551874898
480.0,0.8,0.08,2.0,17.0,1836,0.2050740851241923,0.9957306161896952,0.5946368574713435,0.23120659022052878,0.20454482432440052,0.2104925145822193,0.20582897365170563,0.20574308960576085,0.20515800799808762,0.19867710058297997
480.0,0.8,0.08,2.0,34.0,1836,0.20707775733841174,1.0020296961580843,0.5988163246885266,0.23120659022052878,0.2073148441898728,0.21333439381018454,0.20751933849237464,0.2068188687020164,0.2063603845090877,0.20111871432693446
480.0,0.8,0.08,2.0,8.0,1836,0.2038545908675696,0.991850973128674,0.5920990236063158,0.23120659022052878,0.2024685428642209,0.20859489363025469,0.20465227372198946,0.2057058928764096,0.2047978168677339,0.1969081252448091
480.0,0.8,0.08,3.0,34.0,1836,0.20662664139933715,1.000418091629309,0.5978918615849612,0.23120659022052878,0.2061585339327295,0.2121848338015172,0.20826787659604762,0.20619167774444583,0.2060257588522068,0.20093116746907597
480.0,0.8,0.08,3.0,17.0,1836,0.20521632052832983,0.9959834041413667,0.5949150499760313,0.23120659022052878,0.20387479982741813,0.20991983463519412,0.20713750244043255,0.20589478617207926,0.20504790855131202,0.19942309154354293
480.0,0.8,0.08,3.0,8.0,1836,0.20452198797254528,0.9940781181733414,0.5934529633864091,0.23120659022052878,0.20243893481916744,0.20861079126069293,0.2062340962367127,0.2065254184188451,0.20486942493633192,0.19845326216352135
480.0,0.8,0.08,4.0,34.0,1836,0.20676402813307823,1.0007095238578723,0.5981692224084917,0.23120659022052878,0.2055874985123779,0.21178038093210833,0.20943044550653322,0.2063761563588473,0.20588816368380683,0.20152152380479596
480.0,0.8,0.08,4.0,17.0,1836,0.20609837014060642,0.9990375553836085,0.596738962325371,0.23120659022052878,0.20395914270476445,0.21028750289665235,0.208989956566491,0.20704172128161374,0.20518783626622494,0.20112406112789236
480.0,0.8,0.08,4.0,8.0,1836,0.2058891112772303,0.999569567426756,0.5963087638246359,0.23120659022052878,0.20316110532520493,0.20953326241159473,0.20833805203985634,0.20829088277783062,0.2051504395316135,0.20086092557728194
480.0,0.8,0.15,2.0,34.0,1836,0.20363712006574763,0.9912965744322777,0.5916958352214967,0.23120659022052878,0.20210622618095747,0.20893980413057842,0.20394151053842413,0.20590748364864178,0.204983991410509,0.19594370448537488
480.0,0.8,0.15,2.0,17.0,1836,0.20334386741449662,0.9904145142144285,0.5911380614286332,0.23120659022052878,0.20140754766680802,0.2081690507560547,0.20384679651409393,0.2061536460390725,0.20521007683562764,0.1952760866753227
480.0,0.8,0.15,2.0,8.0,1836,0.20339126807917965,0.990768074311655,0.5913041155798578,0.23120659022052878,0.2012156815849736,0.20788892129326667,0.20395103920856178,0.20670665047166892,0.20566353207972102,0.194921783836886
480.0,0.8,0.15,3.0,34.0,1836,0.20349860092135652,0.9907266999084984,0.5914210907173937,0.23120659022052878,0.20161171263920433,0.20833508840359943,0.2044416138963424,0.20566667950471004,0.2049540971234141,0.19598241396086893
480.0,0.8,0.15,3.0,17.0,1836,0.20349124716545278,0.9908535183855325,0.591439449150104,0.23120659022052878,0.20126071495888015,0.20783451556815924,0.2045444317094617,0.206274724615202,0.20522907388686598,0.19580402225414756
480.0,0.8,0.15,3.0,8.0,1836,0.20375196385262972,0.9921200820148252,0.5920362363101549,0.23120659022052878,0.2014401063018791,0.20780269362592968,0.20470105381635825,0.20707443111937315,0.20569882903112488,0.1957946692211134
480.0,0.8,0.15,4.0,17.0,1836,0.20401322854878096,0.9928086905647715,0.592512837544291,0.23120659022052878,0.20154744996815013,0.20798786735035274,0.2054644629379785,0.20693618417006124,0.20530557081645187,0.19683783604969113
480.0,0.8,0.15,4.0,34.0,1836,0.2036671212519231,0.9912354844554303,0.5917732731751063,0.23120659022052878,0.20148403215461208,0.20812601031341163,0.20511020260784074,0.20586961174768498,0.2049716947890411,0.19644117589894827
480.0,0.8,0.15,4.0,8.0,1836,0.20446545418090387,0.9952043594341786,0.5935092385682956,0.23120659022052878,0.20207299152930155,0.20818791314202,0.20565237051756835,0.20797881402495996,0.20577211427855735,0.1971285215930161
480.0,0.8,0.25,2.0,17.0,1836,0.2035106856432808,0.9913512488274161,0.5916546647022755,0.23120659022052878,0.20116138534380798,0.20827678857823206,0.20408632548368194,0.20700506647901357,0.20599049760757993,0.19454405036736921
480.0,0.8,0.25,2.0,8.0,1836,0.20369177205906155,0.9921751612177758,0.5920993132453504,0.23120659022052878,0.20140100300825095,0.20829977326567634,0.2043055037101304,0.20736919994707756,0.20629584740300694,0.19447930502022712
480.0,0.8,0.25,2.0,34.0,1836,0.20343285989966492,0.9909268218076142,0.5914294312745801,0.23120659022052878,0.20112570870129085,0.20845622888015533,0.20392000279334593,0.20669547768433197,0.2056962095768703,0.19470353176199526
480.0,0.8,0.25,3.0,17.0,1836,0.20357121548236054,0.9915969357559992,0.5917975382644605,0.23120659022052878,0.20114352404607252,0.20800475626008086,0.20449306389496313,0.20700331019168003,0.2060047413270296,0.19477789717433705
480.0,0.8,0.25,3.0,34.0,1836,0.20336671698189865,0.9906751643146494,0.59131200784712,0.23120659022052878,0.200892458264166,0.20807904731634974,0.2042568142995424,0.20654714545376998,0.20570284934234878,0.19472198721521486
480.0,0.8,0.25,3.0,8.0,1836,0.2038444702315703,0.9928566240200768,0.5924359705455554,0.23120659022052878,0.20159742884809417,0.20811811362579735,0.20472790452868553,0.20745557036889356,0.20630244899257005,0.19486535502538116
480.0,0.8,0.25,4.0,34.0,1836,0.203463874650031,0.9910421695858693,0.5915322016299037,0.23120659022052878,0.20089084825481257,0.2079172000313006,0.20464890082335144,0.2066452532974131,0.2057234757918004,0.19495756970150788
480.0,0.8,0.25,4.0,17.0,1836,0.20382974942774154,0.9926834093151515,0.5923485025629067,0.23120659022052878,0.20139151359444193,0.2079861861792536,0.2049781824065487,0.20730967641221396,0.20602698286063975,0.19528595511335126
480.0,0.8,0.25,4.0,8.0,1836,0.20419122774991175,0.994506545032862,0.5931755524163168,0.23120659022052878,0.2020436364645437,0.20819192190668276,0.2052234236689675,0.20785461302535901,0.20631762850858046,0.19551614292533714
720.0,0.5,0.08,2.0,17.0,1836,0.20670804054629555,1.0010585654427606,0.5982159213791053,0.23120659022052878,0.2063242390834644,0.211922486376169,0.20758512803766713,0.2069378166708312,0.20728872658322958,0.20018984652641192
720.0,0.5,0.08,2.0,34.0,1836,0.2094408002571265,1.0093548777002148,0.6038689013504983,0.23120659022052878,0.2095375261810097,0.21543100055582676,0.20989777979885352,0.20902396535689394,0.20906309245515,0.20369143719502492
720.0,0.5,0.08,2.0,8.0,1836,0.20448399836893025,0.9941075707111476,0.5935892303390287,0.23120659022052878,0.20336159745867655,0.2090450401811102,0.2055628517771793,0.2057461246902293,0.20620322224630233,0.1969851538600838
720.0,0.5,0.08,3.0,34.0,1836,0.20870572924049116,1.0070022838324473,0.6023787600550456,0.23120659022052878,0.20840155170860056,0.21409072599639453,0.21018820866539445,0.2079901799750031,0.20858689394117044,0.20297681515638366
720.0,0.5,0.08,3.0,17.0,1836,0.20634442166940786,0.9997360589767231,0.5974635261757282,0.23120659022052878,0.20546483322519674,0.21090369313136537,0.20831348549311546,0.20633422500653914,0.20702119117279316,0.20002910198743742
720.0,0.5,0.08,4.0,17.0,1836,0.20658187727866162,1.000405854142377,0.597942324603285,0.23120659022052878,0.20518624058940665,0.21065755252092316,0.20947802599776802,0.20649957011657613,0.20704719677323907,0.2006226776740568
720.0,0.5,0.08,3.0,8.0,1836,0.20467639653606656,0.9945870996643649,0.5939651301653079,0.23120659022052878,0.20304030077226365,0.20858518267988715,0.2067356003677874,0.20579370562191068,0.20628067009860623,0.19762291967594417
720.0,0.5,0.08,4.0,34.0,1836,0.20837089959932126,1.0058590498684585,0.6016994886966311,0.23120659022052878,0.207677725794631,0.21328276729065776,0.21074609650791587,0.20747883765668468,0.20829050397802232,0.20274946636801602
720.0,0.5,0.08,4.0,8.0,1836,0.2055415072466612,0.9977281812891634,0.5957547622354731,0.23120659022052878,0.20336688082032775,0.20898591892432755,0.2084144585988602,0.20670206225712,0.2066970125338467,0.1990827103454848
720.0,0.5,0.15,2.0,17.0,1836,0.2034028826122576,0.9908063384070257,0.5913959029465292,0.23120659022052878,0.2014653467242992,0.2082332894889133,0.20400561434849085,0.20603747870597985,0.2062305087093319,0.1944450576965306
720.0,0.5,0.15,2.0,34.0,1836,0.20409763504634867,0.9929870058880256,0.5927928232086623,0.23120659022052878,0.20257644346127218,0.20938242482907893,0.2044085786388423,0.20622704644014625,0.20619530068279568,0.19579601622595671
720.0,0.5,0.15,2.0,8.0,1836,0.2031887867513413,0.99024721268819,0.5910135559569419,0.23120659022052878,0.20089131090725104,0.20767473726836946,0.20394584562343904,0.20639588690217256,0.20671064173524792,0.1935142980715679
720.0,0.5,0.15,3.0,17.0,1836,0.2033003124627945,0.9903693491095767,0.5911915668212644,0.23120659022052878,0.2011460060913076,0.20766366890521992,0.2044963992467377,0.20577321762329434,0.20624985634835083,0.1944727265618567
720.0,0.5,0.15,3.0,34.0,1836,0.20378274995706114,0.9918809937330757,0.5921585700292836,0.23120659022052878,0.20202009961053655,0.20864514461672531,0.204702126961845,0.20573104513973353,0.20610485347045962,0.195493229943067
720.0,0.5,0.15,3.0,8.0,1836,0.20334897426390874,0.9907742359850611,0.5913462110705077,0.23120659022052878,0.20091771936854222,0.20734893481367214,0.2046090019492362,0.20641614150516738,0.20684654256132354,0.19395550538551098
720.0,0.5,0.15,4.0,34.0,1836,0.2036938151867634,0.9915197368504332,0.5919885732303413,0.23120659022052878,0.201740039837434,0.2082170956545884,0.2051108759887412,0.205545422482263,0.20608180820211452,0.19546764895543928
720.0,0.5,0.15,4.0,17.0,1836,0.20351573749161395,0.9910791105123659,0.5916401706511676,0.23120659022052878,0.2011834808089767,0.20751091604543867,0.2051779261094069,0.20594044083392127,0.20637125995647498,0.1949104011954653
720.0,0.5,0.15,4.0,8.0,1836,0.2038561189214958,0.9927890623397247,0.5924043800342894,0.23120659022052878,0.2013171622719073,0.2074798123387431,0.20548212107714955,0.20692669638485192,0.2070953094634949,0.19483561199282812
720.0,0.5,0.25,2.0,17.0,1836,0.20336718181511632,0.9910288479827255,0.5914662567289962,0.23120659022052878,0.2007647923437208,0.2081919554523811,0.20402277786052295,0.20695538499803112,0.20717066378507093,0.19309751645097112
720.0,0.5,0.25,2.0,8.0,1836,0.20355314335657554,0.9918748317541736,0.5919276594071932,0.23120659022052878,0.20093880745039777,0.20817631785186996,0.20429835629749402,0.20736596768933335,0.20767489721907684,0.1928645136312812
720.0,0.5,0.25,2.0,34.0,1836,0.20336428369095694,0.9908585688387752,0.5913945986448207,0.23120659022052878,0.20086589235936542,0.20845405070506867,0.2038728352157632,0.20670640800024517,0.20677746364055613,0.1935090522247431
720.0,0.5,0.25,3.0,17.0,1836,0.2033161538269543,0.9908364780277583,0.5913831169199921,0.23120659022052878,0.20062191087493025,0.20781334247460265,0.20436726763718796,0.20677275282795848,0.2072256772414185,0.1930959719056281
720.0,0.5,0.25,3.0,34.0,1836,0.20321491319580018,0.9903123543621967,0.5911039147150748,0.23120659022052878,0.20055723414953525,0.20802119281898473,0.20413670460778516,0.20642994089092645,0.2067913856993233,0.19335302100824617
720.0,0.5,0.25,3.0,8.0,1836,0.2036213310049519,0.9921660347673081,0.5920963908400656,0.23120659022052878,0.2010178064442683,0.20788473765890553,0.20470950418851658,0.20729501680435575,0.20776008074034064,0.19306084019332456
720.0,0.5,0.25,4.0,34.0,1836,0.2031918284347737,0.9902261640883029,0.591079403281681,0.23120659022052878,0.2004452727383383,0.2077609972421658,0.20443061198446785,0.20633924338307355,0.20682865620590937,0.19334618905468742
720.0,0.5,0.25,4.0,17.0,1836,0.20343799964913692,0.9913182080974001,0.5916602509457932,0.23120659022052878,0.20071676831066668,0.2076560892602159,0.20477603187260784,0.20684241208323292,0.20731304836337966,0.19332364800471843
720.0,0.5,0.25,4.0,8.0,1836,0.2038800054236187,0.9933219566660805,0.5926641404127448,0.23120659022052878,0.2013345517635904,0.20783744028410467,0.2051969734759205,0.2075175386712558,0.2078781157951936,0.1935154125516472
720.0,0.65,0.08,2.0,17.0,1836,0.20516338169147952,0.9960625668893958,0.5948506637194658,0.23120659022052878,0.2045303229403385,0.21038769407888044,0.20610638911478482,0.2057913236344408,0.2054593582760716,0.19870520210436096
720.0,0.65,0.08,2.0,34.0,1836,0.20727236730441095,1.0026599055138254,0.5992454026673804,0.23120659022052878,0.20737459204697128,0.2132984316047539,0.2078824234440571,0.20704166712519773,0.20672485303918475,0.20131223656630093
720.0,0.65,0.08,2.0,8.0,1836,0.20382290789689794,0.9917967701321462,0.5920589236736885,0.23120659022052878,0.20233323749495863,0.20841958456375326,0.20481663059488783,0.20559330461678207,0.2050294471490133,0.19674524296199272
720.0,0.65,0.08,3.0,34.0,1836,0.20676398058470757,1.000893508983487,0.5982066804079673,0.23120659022052878,0.2062250036291604,0.21211438136269523,0.2085404821760539,0.20632577478732622,0.20636622453033995,0.2010120170226697
720.0,0.65,0.08,3.0,17.0,1836,0.20520662542067752,0.9959915672124524,0.5949256773455548,0.23120659022052878,0.20382702422159965,0.20973300985458532,0.20729902856080928,0.20579032765985183,0.20531573054235097,0.19927463168486817
720.0,0.65,0.08,3.0,8.0,1836,0.20439181715115493,0.99364459771231,0.5932068339611636,0.23120659022052878,0.20224735278602346,0.20833849413810993,0.20630712724543046,0.20625621101165678,0.20509081296479054,0.1981109047609184
720.0,0.65,0.08,4.0,34.0,1836,0.2068064590089822,1.000879384546592,0.5982905074942518,0.23120659022052878,0.2056242641699468,0.21163030767988494,0.2095859531560477,0.20636256013976412,0.20619904511800602,0.20143662379024369
720.0,0.65,0.08,4.0,17.0,1836,0.2059630958120689,0.998541974656842,0.596483368945017,0.23120659022052878,0.2038412795237995,0.20998086358228585,0.20901559440397768,0.20674176026622337,0.20543477392188442,0.20076430317424265
720.0,0.65,0.08,4.0,8.0,1836,0.205651717757008,0.9986025430412608,0.5958302176483931,0.23120659022052878,0.20288904318825723,0.20914926027313963,0.208314611946845,0.20784477086782716,0.2053817470280576,0.2003308732379212
720.0,0.65,0.15,2.0,17.0,1836,0.20328614115716914,0.9902672951252944,0.5910335687740261,0.23120659022052878,0.20120389131169247,0.2080319014848945,0.20392164285389916,0.206080216734025,0.2054266545437983,0.19505254001470537
720.0,0.65,0.15,2.0,34.0,1836,0.2036303120002493,0.9913168397219446,0.5916993343769851,0.23120659022052878,0.2019567349101662,0.20882954725474503,0.2040684235435067,0.2058983450156922,0.20521686136457995,0.19581195991280562
720.0,0.65,0.15,2.0,8.0,1836,0.20330546107461883,0.9905157726651165,0.591137000663035,0.23120659022052878,0.20096962921844683,0.20774197129777394,0.2039878682579576,0.2066138557261868,0.20588326207848778,0.19463617986885998
720.0,0.65,0.15,3.0,17.0,1836,0.20337879898474243,0.9905078236742119,0.5912223495689884,0.23120659022052878,0.20102008832608514,0.2076504882839522,0.20457134010806005,0.2061161598004673,0.20543904756570888,0.1954756698241812
720.0,0.65,0.15,3.0,34.0,1836,0.2034556087822119,0.9906357693234635,0.5913508469866425,0.23120659022052878,0.2014536204940213,0.20820005573240558,0.2045255850886148,0.20560198105710265,0.20517398549829444,0.19577842482283253
720.0,0.65,0.15,3.0,8.0,1836,0.2036166157671397,0.9916630903681344,0.5917675694000263,0.23120659022052878,0.20114982606803336,0.2076016926877087,0.20470631112509594,0.20689844112962377,0.20592202012346855,0.1954214034689078
720.0,0.65,0.15,4.0,34.0,1836,0.20356720485104823,0.9909432197077941,0.5915864057052912,0.23120659022052878,0.20128975437362975,0.2079441319462447,0.2051387156354186,0.20571676654809545,0.20518197394936397,0.19613188665353704
720.0,0.65,0.15,4.0,17.0,1836,0.20382957125450224,0.9921619677482123,0.592148610087414,0.23120659022052878,0.2012491550310815,0.20773208975242105,0.20543276210983386,0.2066656888837383,0.20551465951240147,0.19638307223753732
720.0,0.65,0.15,4.0,8.0,1836,0.20427244160354696,0.9944562607200778,0.5931200315801769,0.23120659022052878,0.2017267757556472,0.207919113979897,0.205628634834979,0.20770386004395405,0.20600228511571844,0.19665397989108588
720.0,0.65,0.25,2.0,17.0,1836,0.2034467105192783,0.9911721869896122,0.5915249135544964,0.23120659022052878,0.20093189943667647,0.2081646410392275,0.20410823632164843,0.20695967502319823,0.20622995190754556,0.1942858593873737
720.0,0.65,0.25,2.0,34.0,1836,0.20338154010546003,0.9907918698886701,0.5913283773498621,0.23120659022052878,0.20091548426884617,0.2083493441843863,0.20395547895863453,0.2066658848841464,0.20592109330035013,0.19448195503639645
720.0,0.65,0.25,2.0,8.0,1836,0.20362718667066887,0.9919932626104616,0.5919668340057392,0.23120659022052878,0.20116747551109923,0.20818676839384692,0.20432199562219058,0.20732865951813412,0.20655058000442963,0.1942076409743127
720.0,0.65,0.25,3.0,8.0,1836,0.20375400545531636,0.9925618075832391,0.5922497512129411,0.23120659022052878,0.20133576763557035,0.20797605988130743,0.20473219519730426,0.20736887962759404,0.20655710355708562,0.19455402683303644
720.0,0.65,0.25,3.0,17.0,1836,0.20347877028181113,0.9913052093114348,0.5916086107045126,0.23120659022052878,0.2008838067554517,0.20786715464146632,0.20449753879246155,0.20691464765637654,0.20623777439230334,0.1944716994528071
720.0,0.65,0.25,3.0,34.0,1836,0.20329567616493335,0.9904706091833666,0.5911688135510845,0.23120659022052878,0.2006624455664212,0.2079612468158848,0.20427741430125,0.2064849887790014,0.2059285161576394,0.19445944536940332
720.0,0.65,0.25,4.0,34.0,1836,0.20336186176644833,0.9907184294086164,0.5913248383185624,0.23120659022052878,0.20063302247572004,0.20777274076010774,0.20464476622634345,0.20653366508259302,0.20594794277136133,0.1946390332825643
720.0,0.65,0.25,4.0,17.0,1836,0.20370141807947115,0.9922318608175473,0.5920859554503539,0.23120659022052878,0.20109238209613164,0.20781496267830002,0.20495779978432044,0.20715655140578237,0.206268642895755,0.19491816961653746
720.0,0.65,0.25,4.0,8.0,1836,0.20407336243089688,0.9940687005813569,0.5929328341223167,0.23120659022052878,0.2017494224759432,0.20801878026675613,0.2052144083217643,0.20771870223068448,0.20657237789790933,0.19516648339232387
720.0,0.8,0.08,2.0,34.0,1836,0.2059023810704949,0.9981617018030061,0.5962383119096057,0.23120659022052878,0.20565349326313342,0.21183871633100043,0.20688081533183153,0.2059476253969395,0.2053159187343701,0.1997777173656945
720.0,0.8,0.08,2.0,17.0,1836,0.2045510886088895,0.9938353627759676,0.593411811743747,0.23120659022052878,0.20332993323053453,0.20965954428966316,0.20576468664907346,0.20558043679719915,0.20467590723478155,0.19829602345208514
720.0,0.8,0.08,2.0,8.0,1836,0.20389517776811797,0.9918207817634836,0.5920620445532055,0.23120659022052878,0.2018591681179998,0.2084428951977604,0.205043581090815,0.2059692502641194,0.20469434912291132,0.19736182281510162
720.0,0.8,0.08,3.0,34.0,1836,0.2057548134109013,0.9974571049250113,0.5959322787440601,0.23120659022052878,0.20457293373911078,0.21093175870666814,0.20797899306193368,0.20578128520226813,0.20512179715608453,0.2001421125993425
720.0,0.8,0.08,3.0,17.0,1836,0.2050124188448657,0.9952056806330375,0.5943474424268281,0.23120659022052878,0.20282522673322517,0.20938972178717888,0.20735284989714925,0.20623558836852926,0.20462895843698584,0.1996421678461261
720.0,0.8,0.08,3.0,8.0,1836,0.2047489035738376,0.994842410039177,0.5937956023785571,0.23120659022052878,0.20198805500099737,0.2086788337045213,0.20670316154576548,0.2071230856967045,0.2046884150103438,0.19931187048469307
720.0,0.8,0.08,4.0,17.0,1836,0.20623206933996946,0.9997114361774925,0.5968855151558533,0.23120659022052878,0.2031355317558375,0.21009093824950345,0.20950062487559107,0.20793851286878462,0.20476844591453397,0.20195836237556627
720.0,0.8,0.08,4.0,34.0,1836,0.206278661867787,0.9990703738463943,0.5970105950707056,0.23120659022052878,0.20416901145016678,0.21086375640704338,0.2095598616946556,0.20656242905184638,0.2051081088733985,0.20140880372961142
720.0,0.8,0.08,4.0,8.0,1836,0.20627093408686545,1.00125887182899,0.5969765183413072,0.23120659022052878,0.20288815912953204,0.20980154658121625,0.20885050236104896,0.20920663700715134,0.20480984839623476,0.2020689110460092
720.0,0.8,0.15,2.0,17.0,1836,0.20358547073660904,0.9910701059637297,0.5915278325958993,0.23120659022052878,0.20122761975518244,0.20825875287937073,0.20448728564296206,0.20630084742237606,0.20514163162972815,0.19609668709003497
720.0,0.8,0.15,2.0,34.0,1836,0.2036894323470717,0.991287549712919,0.5916953408821005,0.23120659022052878,0.2016729265655557,0.20876810302981058,0.20447706573503738,0.20592939241791577,0.20490674073912662,0.19638236559498418
720.0,0.8,0.15,2.0,8.0,1836,0.2036908161387943,0.9916523029397935,0.5918073883396431,0.23120659022052878,0.20121683799422985,0.20813428021675198,0.204577995059779,0.2068059263228202,0.20547348580696229,0.19593637143222253
720.0,0.8,0.15,3.0,34.0,1836,0.20368341196655168,0.9911680492996862,0.5916867107598702,0.23120659022052878,0.2012527992298727,0.20828023632737777,0.20509238029498184,0.2059001382600324,0.20486677633606695,0.1967081413509785
720.0,0.8,0.15,3.0,17.0,1836,0.20384951685826638,0.9919677794601609,0.5920591029287428,0.23120659022052878,0.2011774539316277,0.20805962964147867,0.20524514111031766,0.20662182928197623,0.20510684560915304,0.19688620157504486
720.0,0.8,0.15,3.0,8.0,1836,0.20410473817275632,0.9932663678365734,0.5926377779613061,0.23120659022052878,0.20151782789633937,0.20814691488110248,0.20530984665153726,0.20728285851124845,0.20542512745304228,0.19694585364326814
720.0,0.8,0.15,4.0,34.0,1836,0.20401411918810816,0.9922869526640313,0.5923649758744052,0.23120659022052878,0.20122932478442954,0.20822794994889116,0.20589425101330266,0.2063657027504426,0.20486433713402924,0.19750314949755385
720.0,0.8,0.15,4.0,17.0,1836,0.20449234433145222,0.994495507040762,0.5933735545510241,0.23120659022052878,0.20158240596892607,0.20836041612020673,0.2062255218494661,0.2075026686795342,0.20509956818395186,0.1981834851866283
720.0,0.8,0.15,4.0,8.0,1836,0.20486057120657153,0.9966410305233121,0.5941881705956674,0.23120659022052878,0.20223174141142927,0.20862982934496968,0.20623728775672315,0.20828791806748703,0.20539026075415606,0.19838638990466387
720.0,0.8,0.25,2.0,17.0,1836,0.20376841785508126,0.9920847873816838,0.592068449746805,0.23120659022052878,0.20121336109164598,0.2084760541990146,0.20470713446513794,0.2069617260994921,0.205702575971544,0.1955496553036529
720.0,0.8,0.25,2.0,8.0,1836,0.20392345566963496,0.9928118204178286,0.5924497426395186,0.23120659022052878,0.20148058772580116,0.20852318089139066,0.20486951501325976,0.20725279201379704,0.2058870984369666,0.19552755993659449
720.0,0.8,0.25,2.0,34.0,1836,0.20367398930515285,0.9915950484065684,0.5918178319709643,0.23120659022052878,0.20111197023111294,0.20858962769758818,0.20457050329545298,0.20666548290919196,0.20551061081842953,0.19559574087914158
720.0,0.8,0.25,3.0,17.0,1836,0.20387122399294777,0.9925153517316776,0.5922912264990705,0.23120659022052878,0.20125002815146853,0.20825988199126771,0.20511940127890663,0.20703911940908618,0.20566969200255647,0.1958892211244011
720.0,0.8,0.25,3.0,34.0,1836,0.20365846432275628,0.9915374598395018,0.5917993537216608,0.23120659022052878,0.20092071017052593,0.2082576253003799,0.20493842526283285,0.20660482533411464,0.2054878599777143,0.19574133989097015
720.0,0.8,0.25,3.0,8.0,1836,0.20409185330569293,0.9935880247569218,0.5928122699570326,0.23120659022052878,0.2017151649340272,0.2083862238427877,0.20527547095888188,0.2073819607053576,0.2058462358255964,0.1959460635675068
720.0,0.8,0.25,4.0,34.0,1836,0.20381819340792434,0.9921619836169988,0.5921413185530899,0.23120659022052878,0.20097829646688237,0.20815909295142218,0.20536983225852218,0.2068154028571698,0.2054714347682639,0.19611510114528563
720.0,0.8,0.25,4.0,17.0,1836,0.20417743936933005,0.993839435429553,0.5929326143062263,0.23120659022052878,0.20155872730537988,0.20831111870644728,0.20562104381358604,0.20743724870504615,0.2056420952762998,0.19649440240922106
720.0,0.8,0.25,4.0,8.0,1836,0.20445286544136407,0.9953463587794622,0.593574463661602,0.23120659022052878,0.20220129089233715,0.20850798373843382,0.2057584212404158,0.2078253024003082,0.20581121252087775,0.19661298185581164
